raw text,text_length,source
"Salutare, prieteni! Daca vreti sa urmariti si povestea mea, cea din spatele videoclipurilor, o puteti face aici: https://www.youtube.com/channel/UCRnRgayyP63jbPQa6ZufXTA",169,https://www.youtube.com/watch?v=yiH0uZhD8gY
"De exemplu, am vista o actiune, iar dupa ceva timp actiune apare in viata mea si se intampla exact la fel, la fel, aceleasi persoane, aceeasi incapere, si imi aduc aminte de vis fix in momentul cand imi dau seama ca am mai vazut asta odata.
De ce, cum se poate sa visez viitorul?!?!?!
Daca ai patit si tu LIKE.",310,https://www.youtube.com/watch?v=yiH0uZhD8gY
Ala de la #2 era Jimmy din la Povesti cu Jimmy. Cineva 2019?,60,https://www.youtube.com/watch?v=yiH0uZhD8gY
"40% dintre comentarii sunt despre LA POVEȘTI CU JIMMY lol , ah , și eu am visat că am căzut în gol",98,https://www.youtube.com/watch?v=yiH0uZhD8gY
1:21 la povesti cu jimmy :)))))),32,https://www.youtube.com/watch?v=yiH0uZhD8gY
like cine îl ştie pe la povești cu Jimmy,40,https://www.youtube.com/watch?v=yiH0uZhD8gY
1:39 ala e jimmy😂,17,https://www.youtube.com/watch?v=yiH0uZhD8gY
"When we all fall asleep
Where do we go

Billie Eilish enter the chat",68,https://www.youtube.com/watch?v=yiH0uZhD8gY
Cine se uita in 2019?,21,https://www.youtube.com/watch?v=yiH0uZhD8gY
Cineva in 2019??,16,https://www.youtube.com/watch?v=yiH0uZhD8gY
Like cine a plâns vreodată în somn,34,https://www.youtube.com/watch?v=yiH0uZhD8gY
La min 1:30 ala e Jimmy ? :)),29,https://www.youtube.com/watch?v=yiH0uZhD8gY
"Fratele meu vorbea in somn
Spunea ''daca iti dau un picior te sparg ''
Era.si varul meu!
A adormit speriat
A fost amuzant😂😂😂",124,https://www.youtube.com/watch?v=yiH0uZhD8gY
I-ai ciordit fețele lui Jimmy de la Povesti cu Jimmy (1:29) 😢,61,https://www.youtube.com/watch?v=yiH0uZhD8gY
"Eu am avut toate fenomenele explicate de tine în somn
Dați like dacă ați avut toate fenomenele explicate dar nu în aceeași noapte",129,https://www.youtube.com/watch?v=yiH0uZhD8gY
1:23 JIMMY,10,https://www.youtube.com/watch?v=yiH0uZhD8gY
"M-am tezit, m-am culcat la loc, apoi mi-am continuat visul!",59,https://www.youtube.com/watch?v=yiH0uZhD8gY
"Eu Mereu Visez Ca, Cad De Pe Stâlp =)) Nu Știu De Ce. Dar Oricum Îmi Place Visul. 🤣🤣🤣😂",86,https://www.youtube.com/watch?v=yiH0uZhD8gY
Is singurul din 2019?,21,https://www.youtube.com/watch?v=yiH0uZhD8gY
La 1:25 aia e figurina de la povesti cu jimmy😂,46,https://www.youtube.com/watch?v=yiH0uZhD8gY
Eu dacă visez ceva nu mereu după câteva zile se întâmplă și îmi aduc aminte de vis,82,https://www.youtube.com/watch?v=yiH0uZhD8gY
Eu cateodata când dorm ma ridic in fund și ma uit pe pereți fără sa știu eu(chestia asta Mi.a zis.o mama),105,https://www.youtube.com/watch?v=yiH0uZhD8gY
1:31 Jimmy,10,https://www.youtube.com/watch?v=yiH0uZhD8gY
"Am visat că,cad de pe o stâncă dar nu puteam săstrig ajutor, după m-am trezit brusc și nu mă puteam mișca",105,https://www.youtube.com/watch?v=yiH0uZhD8gY
1:21 l-am vazut pe jimmy,24,https://www.youtube.com/watch?v=yiH0uZhD8gY
"Pe 2 l-am avut! Chiar l-am avut6""_""",35,https://www.youtube.com/watch?v=yiH0uZhD8gY
3:55 mi se intampla😂,20,https://www.youtube.com/watch?v=yiH0uZhD8gY
Cine a observat pozele cu jimmy,31,https://www.youtube.com/watch?v=yiH0uZhD8gY
"1:34-EEEEI, JIMMY CF?",21,https://www.youtube.com/watch?v=yiH0uZhD8gY
1:23 JIMMY HEX THE STICKMAN,27,https://www.youtube.com/watch?v=yiH0uZhD8gY
1:33 jimmy e pe aici 😂,22,https://www.youtube.com/watch?v=yiH0uZhD8gY
1:29 salut Jimmy,16,https://www.youtube.com/watch?v=yiH0uZhD8gY
"1:21 La Povesti Cu Jimmy !! 
Apropo.. super video!",50,https://www.youtube.com/watch?v=yiH0uZhD8gY
Cnv 2019? (^*^),15,https://www.youtube.com/watch?v=yiH0uZhD8gY
A 2 a mi s a intamplat de n ori😂😂💪🏻,35,https://www.youtube.com/watch?v=yiH0uZhD8gY
Bai tu inca dormi:))),21,https://www.youtube.com/watch?v=yiH0uZhD8gY
Fratele meu mi-a spus ca l-am injurat in somn...,48,https://www.youtube.com/watch?v=yiH0uZhD8gY
de ce a apărut jimmy ?:)),25,https://www.youtube.com/watch?v=yiH0uZhD8gY
1:30 la povesti cu Jimmy!!! LOL,31,https://www.youtube.com/watch?v=yiH0uZhD8gY
"Am revenit aici peste un an:)) vreau sa spun ca, atunci cand ma doare de exemplu piciorul adorm repede:0",104,https://www.youtube.com/watch?v=yiH0uZhD8gY
1:24 Lol caracterul lui Jimmy Hex de la Povesti Cu Jimmy,56,https://www.youtube.com/watch?v=yiH0uZhD8gY
"Salutare, prieteni! Sper ca v-a placut acest episod si ca ati invatat ceva nou!

Daca doriti, puteti sustine acest canal aici: https://goo.gl/bNqncH (mica donatie = mai multa educatie :) )

Va doresc o zi minunata tuturor!",222,https://www.youtube.com/watch?v=yiH0uZhD8gY
"6:18
Păi, am unul de  vara asta în care am visat ca o sa ma lovesc și când m-am trezit s-a întâmplat asta
Și mai am un vis pe care l-am visat de 5 ori și era înfricoșător, și habar nu mai am ce am visat de parca cineva la șters din mintea mea",242,https://www.youtube.com/watch?v=yiH0uZhD8gY
1:24 ALA E JIMMY,16,https://www.youtube.com/watch?v=yiH0uZhD8gY
Like daca ai adormit :)),24,https://www.youtube.com/watch?v=yiH0uZhD8gY
De aia nu puteam sa alerg sau sa zbor cand ma urmarea o fantoma :)),67,https://www.youtube.com/watch?v=yiH0uZhD8gY
Cnv 2018:)),11,https://www.youtube.com/watch?v=yiH0uZhD8gY
"Eu unul pot sa mi controlez visul, deci pot reactiona cum vreau eu",66,https://www.youtube.com/watch?v=yiH0uZhD8gY
Ce caută Jimmy in videoclip 😂😂,30,https://www.youtube.com/watch?v=yiH0uZhD8gY
Eu am cantat in somn🤣🤣,22,https://www.youtube.com/watch?v=yiH0uZhD8gY
1:29 ala e jimmy,16,https://www.youtube.com/watch?v=yiH0uZhD8gY
Am tipat in somn =)),20,https://www.youtube.com/watch?v=yiH0uZhD8gY
Ala e jimmy :)),15,https://www.youtube.com/watch?v=yiH0uZhD8gY
Eu cădeam din pat și m-am dus în somn la ușa de la intrere! :))),64,https://www.youtube.com/watch?v=yiH0uZhD8gY
1:32 l-am văzut pe Jimmy,24,https://www.youtube.com/watch?v=yiH0uZhD8gY
"Daca visez ceva si peste o zi,2,3,4, o luna, chestia aceea se intampla fix cum o visez si in timp ce se intampla imi dau seama ca am visat aceea chestie ?:)))este normal??",171,https://www.youtube.com/watch?v=yiH0uZhD8gY
1:24 e jimmy,12,https://www.youtube.com/watch?v=yiH0uZhD8gY
Il pui pe jimmy :)))),21,https://www.youtube.com/watch?v=yiH0uZhD8gY
Eu ma ridic in pat si vorbesc! 🤣🤣🤣,34,https://www.youtube.com/watch?v=yiH0uZhD8gY
Si yo vorbesc in somn=)),24,https://www.youtube.com/watch?v=yiH0uZhD8gY
1:27 Jimmy 😄😄😄,14,https://www.youtube.com/watch?v=yiH0uZhD8gY
Like lui cine I sa facut somn:)))),34,https://www.youtube.com/watch?v=yiH0uZhD8gY
1:36 Ah hei Jimmy!,18,https://www.youtube.com/watch?v=yiH0uZhD8gY
1:35 la povesti cu jimmy,24,https://www.youtube.com/watch?v=yiH0uZhD8gY
Mama cat de tare ! Chiar mi se intampla aproape aceleasi lucruri!MERSI CA MAI LAMURIITTTT !!!  😁,96,https://www.youtube.com/watch?v=yiH0uZhD8gY
Am visat o poveste ceva si după noaptea viitoare am visat continuarea ei 😃😂😃,76,https://www.youtube.com/watch?v=yiH0uZhD8gY
1:22 uite-l pe Jimmy,20,https://www.youtube.com/watch?v=yiH0uZhD8gY
Interesant video! Bravo si bafta!!!,35,https://www.youtube.com/watch?v=yiH0uZhD8gY
1:23 Jimmy băăăăă,17,https://www.youtube.com/watch?v=yiH0uZhD8gY
6:12 ala e lucifer ? :)))),26,https://www.youtube.com/watch?v=yiH0uZhD8gY
1:24 jimmy,10,https://www.youtube.com/watch?v=yiH0uZhD8gY
1:36 povesti cu jymy,20,https://www.youtube.com/watch?v=yiH0uZhD8gY
1:29 la povesti cu Jimmy,24,https://www.youtube.com/watch?v=yiH0uZhD8gY
Este posibil să plăngi in somn?,31,https://www.youtube.com/watch?v=yiH0uZhD8gY
Cnv 2019?,9,https://www.youtube.com/watch?v=yiH0uZhD8gY
eu tresar cand atipesc imi imaginez ca cad :)))))) e horror cand cazi cand atipesti aolo,88,https://www.youtube.com/watch?v=yiH0uZhD8gY
1:29 JIMMY UNDE EȘTI,20,https://www.youtube.com/watch?v=yiH0uZhD8gY
1:29 JIMMY,10,https://www.youtube.com/watch?v=yiH0uZhD8gY
"Cand am văzut acest video , mi-a venit un chef de somn🥱",55,https://www.youtube.com/watch?v=yiH0uZhD8gY
Ala-i Jimi 😂😂😂,14,https://www.youtube.com/watch?v=yiH0uZhD8gY
3.30🤣🤣🥴😌😁rip,12,https://www.youtube.com/watch?v=yiH0uZhD8gY
1:34 jimmy,10,https://www.youtube.com/watch?v=yiH0uZhD8gY
#2    mi s a intamplat  :),26,https://www.youtube.com/watch?v=yiH0uZhD8gY
1:13 cred ca nu sunt singura 😂😂😂,32,https://www.youtube.com/watch?v=yiH0uZhD8gY
1:23 JIMMY,10,https://www.youtube.com/watch?v=yiH0uZhD8gY
Eu când dorm pe la ora 2 noaptea simt că cad de pe acoperiș,59,https://www.youtube.com/watch?v=yiH0uZhD8gY
1:24 l-am vazut pe jimmy,24,https://www.youtube.com/watch?v=yiH0uZhD8gY
Eu ma-m trezit brusc!!,22,https://www.youtube.com/watch?v=yiH0uZhD8gY
ce aplicatie foloseste pentru crearea videoclipurilor?,54,https://www.youtube.com/watch?v=yiH0uZhD8gY
Eu visez în viitor... Pe bune nu mint.. E grav sau nu:),55,https://www.youtube.com/watch?v=yiH0uZhD8gY
Mama mea vorbește în somn:)),28,https://www.youtube.com/watch?v=yiH0uZhD8gY
Acum inteleg de ce nu Puteam sa fug de baba din vis🤣🤣,53,https://www.youtube.com/watch?v=yiH0uZhD8gY
"Informații prea de baza, nu merita un video.",44,https://www.youtube.com/watch?v=yiH0uZhD8gY
1:36 la povesti cu jimmy,24,https://www.youtube.com/watch?v=yiH0uZhD8gY
"De ce omul asta are atat de putin abonati?Merita mult mai mult!Bravo,keep up the good work.",91,https://www.youtube.com/watch?v=yiH0uZhD8gY
Faci o treaba excelenta 👍👍👍👍👍👍👍,31,https://www.youtube.com/watch?v=yiH0uZhD8gY
1:33 LA POVESTI CU JIMMY,24,https://www.youtube.com/watch?v=yiH0uZhD8gY
Cnv în 2019?,12,https://www.youtube.com/watch?v=yiH0uZhD8gY
Odata am vorbit in somn si m-a trezit mama sa ma intrebe ce spuneam ;-;,71,https://www.youtube.com/watch?v=yiH0uZhD8gY
Salut jimmy,11,https://www.youtube.com/watch?v=yiH0uZhD8gY
Mulțumesc mult din suflet! Bravo ești STRONG! 👄,47,https://www.youtube.com/watch?v=yiH0uZhD8gY
1:20 jimmy de la povesti cu jimmy,33,https://www.youtube.com/watch?v=yiH0uZhD8gY
Like daca nu poti sa dai cu pumnu in vise :))),46,https://www.youtube.com/watch?v=yiH0uZhD8gY
"1:24 jimmy
Edit: 3:29 din nou jimmy",35,https://www.youtube.com/watch?v=yiH0uZhD8gY
1:21 ; 1:28 Hi Jimmy,20,https://www.youtube.com/watch?v=yiH0uZhD8gY
EU am vorbim in somn si ma auzit mama cum vorbeam o minciună inventată!,71,https://www.youtube.com/watch?v=yiH0uZhD8gY
nu am inteles nmk dar mi sa int3mplat sa cad in somn si inainte sa ma lovesc de pamant mam trezit !,99,https://www.youtube.com/watch?v=yiH0uZhD8gY
Cnv 2018?,9,https://www.youtube.com/watch?v=yiH0uZhD8gY
1.30 jimmy,10,https://www.youtube.com/watch?v=yiH0uZhD8gY
Rar încep să mă bășesc în somn🤣🤣,32,https://www.youtube.com/watch?v=yiH0uZhD8gY
Mereu pot sa fug in vis daca am nevoie 😂,40,https://www.youtube.com/watch?v=yiH0uZhD8gY
Aseară eu atipisem  și deja un vis începea și eu în acel vis mergeam la magazin pe role și dintr-o data cad în vis și mă trezesc și văd ca eu sunt încă în pat deși am simțit ca și Cum as aluneca în jos,201,https://www.youtube.com/watch?v=yiH0uZhD8gY
ce se intampla daca nu visezi nimic? pentru ca eu nu am mai visat ceva de foarte mult timp,90,https://www.youtube.com/watch?v=yiH0uZhD8gY
"Eu am bruxism, vorbesc în somn și am vise recurente:)",53,https://www.youtube.com/watch?v=yiH0uZhD8gY
Eu vorbesc in somn si odata am batuto pe sora mea in somn eu cind dorm si vorbesc sau bat stiu ca afac asta dar nu ma pot opri,126,https://www.youtube.com/watch?v=yiH0uZhD8gY
Eu am visat odata ca ma lupt cu zombi (  😂) si in vis ma puteam misca Dar foarte greu,85,https://www.youtube.com/watch?v=yiH0uZhD8gY
Salut! Mie mi se intampla sa visez ceea ce se va petrece in viitor dar cand sunt in acel loc si ma gandesc ca am visat acel lucru ce se va intampla nu se intampla. Si sunt momente la care nu ma gandesc la acel lucru ce urmeaza sa se intample si realizez ca acel lucru lam visat!,278,https://www.youtube.com/watch?v=yiH0uZhD8gY
Ei bine eu am cazut de câteva ori din pat 😂,43,https://www.youtube.com/watch?v=yiH0uZhD8gY
5:13 eu am vorbit cu tatăl meu in vis in dimineata cand trebuia sa vina acasa din strainatate,93,https://www.youtube.com/watch?v=yiH0uZhD8gY
Senzatia de cadere mi se intampla mereu :),42,https://www.youtube.com/watch?v=yiH0uZhD8gY
3:32 Jimmy,10,https://www.youtube.com/watch?v=yiH0uZhD8gY
1:15 mi sa întâmplat de multe ori!,34,https://www.youtube.com/watch?v=yiH0uZhD8gY
1:21 na ma ca apare ai jimmy pe aici,36,https://www.youtube.com/watch?v=yiH0uZhD8gY
Cnv in 2019=)))),16,https://www.youtube.com/watch?v=yiH0uZhD8gY
Eu am plâns 😂😂,14,https://www.youtube.com/watch?v=yiH0uZhD8gY
Eu vorbesc in somn :)))),24,https://www.youtube.com/watch?v=yiH0uZhD8gY
Eu am visat că verișoara mea mi-a spart tableta! 😠 😂 Și m-am trezit!,68,https://www.youtube.com/watch?v=yiH0uZhD8gY
Pe mine ma cheama Irina 😹,29,https://www.youtube.com/watch?v=yiH0uZhD8gY
Sio eram ASA,12,https://www.youtube.com/watch?v=yiH0uZhD8gY
Eu vorbeam în somn m-ia zis sor-mea vorbem desp-re moartea o ţipat uă-i! 😂😂😂eu râdeam ca prostu.😂😂😂😂🤣,101,https://www.youtube.com/watch?v=yiH0uZhD8gY
"Eu am dormit la 2 verișoare și eu cu cea mică ne ridicăm în picioare și vorbim , dar noi nu știm a doua verișoară mai mare nea filmat și am râs ziua😂😂😂",151,https://www.youtube.com/watch?v=yiH0uZhD8gY
"Am patit mullte intamplari somn!
(Nu dau detali)",48,https://www.youtube.com/watch?v=yiH0uZhD8gY
Eu sunt somnambul!!!,20,https://www.youtube.com/watch?v=yiH0uZhD8gY
Eu cand dormeam ma-m trezit vorbind su in vis vorbeam!!!!,57,https://www.youtube.com/watch?v=yiH0uZhD8gY
am plâns în somn 6:15,21,https://www.youtube.com/watch?v=yiH0uZhD8gY
Cnv 2018 ?,10,https://www.youtube.com/watch?v=yiH0uZhD8gY
Cum specifici momentul cand iti dai drumul in somn??,52,https://www.youtube.com/watch?v=yiH0uZhD8gY
"Chestia cu cazutul în gol mi s-a întâmplat și mie, m-am speriat 😂",65,https://www.youtube.com/watch?v=yiH0uZhD8gY
1:23 ăla e Jimmy,16,https://www.youtube.com/watch?v=yiH0uZhD8gY
"Mi sa spus ca eu vb in somn , dar eu nu imi amintesc nc",55,https://www.youtube.com/watch?v=yiH0uZhD8gY
Super interesant,16,https://www.youtube.com/watch?v=yiH0uZhD8gY
ieu mam căcat pe mine în somn😭😭😭😭😭😭,35,https://www.youtube.com/watch?v=yiH0uZhD8gY
1:34 La povesti cu Jimmy?,25,https://www.youtube.com/watch?v=yiH0uZhD8gY
"Bă, ala nu e Jimmy?",19,https://www.youtube.com/watch?v=yiH0uZhD8gY
Eu râdeam in somn 😊😆😐,21,https://www.youtube.com/watch?v=yiH0uZhD8gY
"Într-o zi am înjurat în somn :) 
palm face",42,https://www.youtube.com/watch?v=yiH0uZhD8gY
#2 mi so întâmplat de 3 sau 4 ori,33,https://www.youtube.com/watch?v=yiH0uZhD8gY
"Cand plouă sau e inaurat adorm rapid,si bine",44,https://www.youtube.com/watch?v=yiH0uZhD8gY
"1:08 Mi s-a întâmplat, am țipat și m-am ținut strâns de pat.😂😂",62,https://www.youtube.com/watch?v=yiH0uZhD8gY
Am invatat sa controloz starea de cadere din timpol somnului,60,https://www.youtube.com/watch?v=yiH0uZhD8gY
Mi se intampla toate!,21,https://www.youtube.com/watch?v=yiH0uZhD8gY
"1,40 uitel pe jimmy",19,https://www.youtube.com/watch?v=yiH0uZhD8gY
Eu sunt #5 pentru ca eu ma trezesc si ma duc si ma plimb prin casa ca nebunu,76,https://www.youtube.com/watch?v=yiH0uZhD8gY
Eu am visat si a 2 zi mi sa intamplat ce am visat,49,https://www.youtube.com/watch?v=yiH0uZhD8gY
Dar îmi revin....,17,https://www.youtube.com/watch?v=yiH0uZhD8gY
Ce am mai ras la 6:32,21,https://www.youtube.com/watch?v=yiH0uZhD8gY
Minti eu ma lupt in somn,24,https://www.youtube.com/watch?v=yiH0uZhD8gY
Eu am vorbit engleza in somn :)))),34,https://www.youtube.com/watch?v=yiH0uZhD8gY
Cine a avut faza #2 like la comm,32,https://www.youtube.com/watch?v=yiH0uZhD8gY
Esti super meritii o gramada de abonatii!Si crede-ma le zic la foarte putini asta!,82,https://www.youtube.com/watch?v=yiH0uZhD8gY
Mie misa intamplat sa adorm si sa-mi imaginej ca cad.,53,https://www.youtube.com/watch?v=yiH0uZhD8gY
"Baai! Eu daca visam de doua ori acelas vis,credeam ca de fapt este prima oara cand l-am vazut!",94,https://www.youtube.com/watch?v=yiH0uZhD8gY
Mie de obicei mi se intampla ca vine ceva de groaza si vreau sa tip dar nu pot,78,https://www.youtube.com/watch?v=yiH0uZhD8gY
1:08 4:28,9,https://www.youtube.com/watch?v=yiH0uZhD8gY
Eu am visat același vis de vreo 5 ori,37,https://www.youtube.com/watch?v=yiH0uZhD8gY
#2 mi se întâmplă aproape mereu,31,https://www.youtube.com/watch?v=yiH0uZhD8gY
Câteodată in timp ce visez aud sunetele din viața reală si le pun in vis. Este ceva foarte comic atunci cand te trezesti,120,https://www.youtube.com/watch?v=yiH0uZhD8gY
Am visat un pinguin,19,https://www.youtube.com/watch?v=yiH0uZhD8gY
Am visat un pinguin,19,https://www.youtube.com/watch?v=yiH0uZhD8gY
Mă mişc şi vorbesc în somn toată noaptea,40,https://www.youtube.com/watch?v=yiH0uZhD8gY
0:26 și cu mușchii inimii cum rămâne? :)),41,https://www.youtube.com/watch?v=yiH0uZhD8gY
👍👏,2,https://www.youtube.com/watch?v=yiH0uZhD8gY
De multe ori ce visez mi se intampla in acea zi 🤭🤭,50,https://www.youtube.com/watch?v=yiH0uZhD8gY
"Salut, ar fii mișto să faci un episod despre paralizia în somn.",63,https://www.youtube.com/watch?v=yiH0uZhD8gY
Intr-o noapte doarmeam adanc cand deodata imi misc piciorul si simt alt picior si m-am trezit brusc sa vad cine e langa mine dar de fapt era piciorul meu 😂😂,156,https://www.youtube.com/watch?v=yiH0uZhD8gY
Ai spus ca creierul 1:19,24,https://www.youtube.com/watch?v=yiH0uZhD8gY
"Eu am visat ca,cadeam de pe o prăpastie, apoi brusc mam trezit",62,https://www.youtube.com/watch?v=yiH0uZhD8gY
Mi sa intamplat!1:23 odata am avut o zi încărcată de teme si stres si am adormit dra dupaceia m-am trezit brusc!,112,https://www.youtube.com/watch?v=yiH0uZhD8gY
Am tipat in somn,16,https://www.youtube.com/watch?v=yiH0uZhD8gY
Vorbeam cu sora mea in somn,27,https://www.youtube.com/watch?v=yiH0uZhD8gY
2:41 mai mereu   se intampla asta 😂nu a ceva special app cine la cunoscut pe Jimmy?,83,https://www.youtube.com/watch?v=yiH0uZhD8gY
Cele mai misto vise sunt alea umede 😂😂😂,39,https://www.youtube.com/watch?v=yiH0uZhD8gY
Paralizie in somn,17,https://www.youtube.com/watch?v=yiH0uZhD8gY
1:20 exact de câte ori nu mi.sa intamplat,41,https://www.youtube.com/watch?v=yiH0uZhD8gY
"Bă, deci eu uneori chiar îs conștientă că visez dar tot vorbesc. Idk why!
LIKE daca și tu faci la fel!!!",104,https://www.youtube.com/watch?v=yiH0uZhD8gY
Cnv 2019  ?,11,https://www.youtube.com/watch?v=yiH0uZhD8gY
Minutul #1:21 la povesti cu jimmy,33,https://www.youtube.com/watch?v=yiH0uZhD8gY
Filme porno in vis =)),22,https://www.youtube.com/watch?v=yiH0uZhD8gY
Am vorbit in somn,17,https://www.youtube.com/watch?v=yiH0uZhD8gY
Eu pot sa ma misc an somn,25,https://www.youtube.com/watch?v=yiH0uZhD8gY
Eu vb in somn si uneori cand am un vis nașpa plang,50,https://www.youtube.com/watch?v=yiH0uZhD8gY
eu citeodata strig in somn,26,https://www.youtube.com/watch?v=yiH0uZhD8gY
Eu am fost si somnambul am si vorbit in somn,44,https://www.youtube.com/watch?v=yiH0uZhD8gY
Mie mi.sa intimplat sacontinui visul in noaptea urmatoare,57,https://www.youtube.com/watch?v=yiH0uZhD8gY
Super tare 😉,12,https://www.youtube.com/watch?v=yiH0uZhD8gY
Jimmy??,7,https://www.youtube.com/watch?v=yiH0uZhD8gY
"De ce uitam? Cum functioneaza memoria si creierul nostru?
Vezi in acest clip: https://youtu.be/72YPFbQ05Us :)",109,https://www.youtube.com/watch?v=yiH0uZhD8gY
Ce sa fac daca am insomnie?,27,https://www.youtube.com/watch?v=yiH0uZhD8gY
"Si vise ce se intampla  a doua zi , sau in saptamana urmatoare ?",64,https://www.youtube.com/watch?v=yiH0uZhD8gY
numai eu visez ceva si dupa se intampla acel ceva?,50,https://www.youtube.com/watch?v=yiH0uZhD8gY
"Cand ai zis ""Irina te-am rugat sa bagi puiul la cuptor!""am crezut  ca e pentru mine😂ma-m speriat",96,https://www.youtube.com/watch?v=yiH0uZhD8gY
Eu o dată am visat si dupa vreo 2-3 zile mi so intamplat,56,https://www.youtube.com/watch?v=yiH0uZhD8gY
1:37 jimmy cand e mort,22,https://www.youtube.com/watch?v=yiH0uZhD8gY
De ce ai pus pe Gimi??,22,https://www.youtube.com/watch?v=yiH0uZhD8gY
"Video plin de sfaturi utile. 
Mulțumesc",39,https://www.youtube.com/watch?v=yiH0uZhD8gY
Salivez in somn,15,https://www.youtube.com/watch?v=yiH0uZhD8gY
Billie ellish entered the chat:,31,https://www.youtube.com/watch?v=yiH0uZhD8gY
Eu vorbesc in somn... loll,26,https://www.youtube.com/watch?v=yiH0uZhD8gY
Eu la fratele meu când a dormit i-am deschis ochi😂,50,https://www.youtube.com/watch?v=yiH0uZhD8gY
"Eu în vacanta de vara aveam vise foarte lucide,îmi aminteam exact ce s-a întâmplat în vis și a doua zi eram foarte obosita...ciudat..",133,https://www.youtube.com/watch?v=yiH0uZhD8gY
Am visat ca mi se întâmplă a doua zi 😳,38,https://www.youtube.com/watch?v=yiH0uZhD8gY
2k19?,5,https://www.youtube.com/watch?v=yiH0uZhD8gY
super tare!!,12,https://www.youtube.com/watch?v=yiH0uZhD8gY
Eu printr-un vis repetat am gasit dragostea.😉,45,https://www.youtube.com/watch?v=yiH0uZhD8gY
"Am strigat in somn ""castele""",28,https://www.youtube.com/watch?v=yiH0uZhD8gY
"îl văd pe Jimmy, dau like!",26,https://www.youtube.com/watch?v=yiH0uZhD8gY
numai eu vorbesc in somn nu?,28,https://www.youtube.com/watch?v=yiH0uZhD8gY
Eu sunt somnambula 😂😂 mi se pare amuzant,40,https://www.youtube.com/watch?v=yiH0uZhD8gY
"Eu am fost somnambul, si ma miscam plm..",40,https://www.youtube.com/watch?v=yiH0uZhD8gY
A 2 mi se intampla.,19,https://www.youtube.com/watch?v=yiH0uZhD8gY
Nr 2 eu mai mereu ma trezesc brusc de parca cad sau ma sparii,61,https://www.youtube.com/watch?v=yiH0uZhD8gY
Mama m-a vazut noaptea cand vorbeam si a spus ca a vrut sa ma filmeze dar m-am oprit,84,https://www.youtube.com/watch?v=yiH0uZhD8gY
Am avut o paralizie in somn cea  mai orbila experienta din viata mea nu doresc la nimeni asa ceva,97,https://www.youtube.com/watch?v=yiH0uZhD8gY
Wow merci bosss continuă esti forța bv respect,46,https://www.youtube.com/watch?v=yiH0uZhD8gY
"Am mers un somn si vorbeam(asa mi-a zis mama)  
Si am avut un vis care s-a repetat când eram mică și acum
Dar de ce uiti visele. Adică eu câteodată nici nu imi amintesc ce am visat",180,https://www.youtube.com/watch?v=yiH0uZhD8gY
Dc l-ai băgat pe jimmy,22,https://www.youtube.com/watch?v=yiH0uZhD8gY
Doar eu l-am văzut pe Jimmy?,28,https://www.youtube.com/watch?v=yiH0uZhD8gY
Eu am plâns și am ras în somn😂,30,https://www.youtube.com/watch?v=yiH0uZhD8gY
Aha de unde stii ??,19,https://www.youtube.com/watch?v=yiH0uZhD8gY
"Știu ca suna ciudat, dar eu am levitat în somn, adică pulteam în somn",69,https://www.youtube.com/watch?v=yiH0uZhD8gY
Amc când Jimmy e mort de beat și vrea să facă un video despre corpul uman,73,https://www.youtube.com/watch?v=yiH0uZhD8gY
Like cine l-a văzut pe Jimmy!,29,https://www.youtube.com/watch?v=yiH0uZhD8gY
30 de secunde? Tata Vorbește câte 5 minute în continu pe Nu Știu ce limbă🙃🙃🤯,76,https://www.youtube.com/watch?v=yiH0uZhD8gY
Eu caand am adormit am visat un vis iar apoi cand mam trezit mi s-a intamplat la fel ca visul pe care lam visat..,113,https://www.youtube.com/watch?v=yiH0uZhD8gY
Eu sunt semi somnambul ma mai tesesc uneori si fac chesti ciudate prin casa si dimineata mama ma intreaba ce drq am cautat acolo iar eu nu imi amintesc.Like cine pateste lafel+mai si vb in somn,193,https://www.youtube.com/watch?v=yiH0uZhD8gY
Salut! Am întrebat un neurolog. E ok sa trezești un om din somn când e somnambul. E fals cum ca ar fi periculos,111,https://www.youtube.com/watch?v=yiH0uZhD8gY
Adevărat atunci când dormi visul durează 4 - 3 secunde?,55,https://www.youtube.com/watch?v=yiH0uZhD8gY
2020?,5,https://www.youtube.com/watch?v=yiH0uZhD8gY
Mi.a zis mama ca m.a auzit pe la 4 dimineata calculand in somn :),65,https://www.youtube.com/watch?v=yiH0uZhD8gY
"#9
Si ăsta!",11,https://www.youtube.com/watch?v=yiH0uZhD8gY
Jimmy 1:28,10,https://www.youtube.com/watch?v=yiH0uZhD8gY
Mi sa intamplat sami dau seama ca visez,39,https://www.youtube.com/watch?v=yiH0uZhD8gY
"""Când seara se lasă și luminile ard,
Fiecare om ce doarme adânc,
In locul in care, mintea nu e trează,
Simte liniștea de ACASA""",127,https://www.youtube.com/watch?v=yiH0uZhD8gY
2019??,6,https://www.youtube.com/watch?v=yiH0uZhD8gY
Eu visez viitorul! Ciudat nu!☠👻💀,32,https://www.youtube.com/watch?v=yiH0uZhD8gY
Omg,3,https://www.youtube.com/watch?v=yiH0uZhD8gY
Ce inseamna ca in vis  bunica mea  ma mânca? Am visat de trei ori,65,https://www.youtube.com/watch?v=yiH0uZhD8gY
"Eu cand aveam vreo 4 ani eram somnambula si ma jucam cu jucariile, mergeam si vorbeam.😂",87,https://www.youtube.com/watch?v=yiH0uZhD8gY
Eu vb in somn,13,https://www.youtube.com/watch?v=yiH0uZhD8gY
cu ce program realizezi animatile?,34,https://www.youtube.com/watch?v=yiH0uZhD8gY
M-am trezit brusc și pentru 1secunda nu puteam sa mă misc,57,https://www.youtube.com/watch?v=yiH0uZhD8gY
L-am lovit pe prietenul meu cu o lingura (sunt somnambul ),58,https://www.youtube.com/watch?v=yiH0uZhD8gY
Mi s a intamplat #5 si #8,25,https://www.youtube.com/watch?v=yiH0uZhD8gY
Eu am început sa plâng tare in somn,35,https://www.youtube.com/watch?v=yiH0uZhD8gY
Leai pus oe Jimmy,17,https://www.youtube.com/watch?v=yiH0uZhD8gY
"Frate , doar eu aveam vise serial?",34,https://www.youtube.com/watch?v=yiH0uZhD8gY
Eu când dormeam am visat toaleta şi mam trezit foarte repede că scăpăm pe mine😂😂,80,https://www.youtube.com/watch?v=yiH0uZhD8gY
1:21 1:30 Jimmy,15,https://www.youtube.com/watch?v=yiH0uZhD8gY
Am visat ceva si a doua zi s-a intamplat,40,https://www.youtube.com/watch?v=yiH0uZhD8gY
Odată.......am dormit........asta a fost o poveste foarte interesanta😂nu?,73,https://www.youtube.com/watch?v=yiH0uZhD8gY
Ba lai folosit pe Jimmy.Hai.ma!,31,https://www.youtube.com/watch?v=yiH0uZhD8gY
Eu m-am pus la somn si dimineata m-am trezit in dulap...Vorbesc serios!,71,https://www.youtube.com/watch?v=yiH0uZhD8gY
1:21 Ai grija la cacofoni,25,https://www.youtube.com/watch?v=yiH0uZhD8gY
Nu mai dorm 😐,13,https://www.youtube.com/watch?v=yiH0uZhD8gY
"eu noaptea cand dorm cateodata sunt pe jumate treaza adica ii aud pe cei din jurul meu si daca visez ceva si alerg,merg....simt ca ma misc iar peste cateva minute tresar",169,https://www.youtube.com/watch?v=yiH0uZhD8gY
2. Ai dteptateeee,17,https://www.youtube.com/watch?v=yiH0uZhD8gY
vorbesc in somn si cad jos din pat,34,https://www.youtube.com/watch?v=yiH0uZhD8gY
De ce nu pot dormi între orele 1 și 3?,38,https://www.youtube.com/watch?v=yiH0uZhD8gY
"Sa am creierul și ochiii trezi și sa nu ma pot deloc misca,sa lovesc pe cineva in somn ,sa vb in somn .....",107,https://www.youtube.com/watch?v=yiH0uZhD8gY
👍👍👍👍like  pentru video,22,https://www.youtube.com/watch?v=yiH0uZhD8gY
Cineva 2019?,12,https://www.youtube.com/watch?v=yiH0uZhD8gY
Pai eu dorm oof zici cas barosanca dau cu picioarele XD,55,https://www.youtube.com/watch?v=yiH0uZhD8gY
eu mam muscat in somn,21,https://www.youtube.com/watch?v=yiH0uZhD8gY
Eu când mă pun in pat simt cum cad într-o groapă și mă trezesc,62,https://www.youtube.com/watch?v=yiH0uZhD8gY
Eu ras in somn,14,https://www.youtube.com/watch?v=yiH0uZhD8gY
Io m-ă jucam minecraft in somn,30,https://www.youtube.com/watch?v=yiH0uZhD8gY
"Eu am vb in somn, am spus va ma mușcă baaa",42,https://www.youtube.com/watch?v=yiH0uZhD8gY
"Deabea m-am trezit 
M-am trezit 31 mai ora 19:27",48,https://www.youtube.com/watch?v=yiH0uZhD8gY
1:24 jimmy?????,15,https://www.youtube.com/watch?v=yiH0uZhD8gY
Primul? ? :)),13,https://www.youtube.com/watch?v=yiH0uZhD8gY
👍👍👍👍👍👍👍👍👍,9,https://www.youtube.com/watch?v=yiH0uZhD8gY
Eu ma misc in somn in pat dar nu știu dacă vorbesc sau nu,57,https://www.youtube.com/watch?v=yiH0uZhD8gY
A doua mi s-a intamplat,23,https://www.youtube.com/watch?v=yiH0uZhD8gY
Sieu am visat ca am cazut depeun tren si amvisat ca trenul odat pe capul meu,76,https://www.youtube.com/watch?v=yiH0uZhD8gY
OMG...ești bestial..nu pot sa cred ca nu ti-am descoperit canalul pana acum...💪,79,https://www.youtube.com/watch?v=yiH0uZhD8gY
1:40 ăla e Jimmy,16,https://www.youtube.com/watch?v=yiH0uZhD8gY
sorumea zice ca vorbesc mult in somn,36,https://www.youtube.com/watch?v=yiH0uZhD8gY
Mie mi s-a intamplat sa mi se repete visele,43,https://www.youtube.com/watch?v=yiH0uZhD8gY
0:40 pai si la somnambuli cum este?,35,https://www.youtube.com/watch?v=yiH0uZhD8gY
"E ciudat daca am deja vu-uri in somn? De multe ori visez ce se intampla, si dupa ce se intampla zic ""Nu am mai facut asta odata?"" O_o",133,https://www.youtube.com/watch?v=yiH0uZhD8gY
M-am pisat pe mn in somn,24,https://www.youtube.com/watch?v=yiH0uZhD8gY
Ești genial #youarebest 💪💪💪,27,https://www.youtube.com/watch?v=yiH0uZhD8gY
"Sunt minir  in fiecare seara cand atipeam visam ca picam de pe ceva de exemplu de pe casa , gard , bloc , stalp etc.",116,https://www.youtube.com/watch?v=yiH0uZhD8gY
1:30 lai copiat pe jimmy!!!!,28,https://www.youtube.com/watch?v=yiH0uZhD8gY
"Si eu am visat ca ma alerga cineva si dupa m-am oprit pana la capăt si când urma m-am trezit si am vomitat in acelasi timp.....(Stiu,e ciudat,DAR NU STIU DE CE?)",161,https://www.youtube.com/watch?v=yiH0uZhD8gY
Eu visez viitorul si cand ma trezesc uit tot ce am visat si pe parcursul zilei imi aduc aminte,94,https://www.youtube.com/watch?v=yiH0uZhD8gY
"1:40, ce cauta Jimmy acolo?",27,https://www.youtube.com/watch?v=yiH0uZhD8gY
Ca creierul=),13,https://www.youtube.com/watch?v=yiH0uZhD8gY
"Eu am avut vise in episoade, ce visam azi se continua alta dată,  si inca o data. Cel mai lung a avut 4 episoade. Insa acestea nu erau in nopti consecutive... a mai  experimentat cineva asta?",191,https://www.youtube.com/watch?v=yiH0uZhD8gY
"Eu,azi de dimineata m-am trezit si dupa m-am blocat si auzeam sunete ciudate ,dar nici nu puteam sa o chem pe mama sau sa ma misc
Mi-a fost foarte frica

A durat aproximativ 15 secunde",184,https://www.youtube.com/watch?v=yiH0uZhD8gY
Fenomen ciudat? Am ras în somn,30,https://www.youtube.com/watch?v=yiH0uZhD8gY
A diua chestie mi se intampla des,33,https://www.youtube.com/watch?v=yiH0uZhD8gY
👍,1,https://www.youtube.com/watch?v=yiH0uZhD8gY
Mi s-a întâmplat a doua chestie și de fiecare data ma sperie 🤣🤣,63,https://www.youtube.com/watch?v=yiH0uZhD8gY
"Eu sunt somnabul cine mai e?
 👇",31,https://www.youtube.com/watch?v=yiH0uZhD8gY
Eu am vorbit in somn,20,https://www.youtube.com/watch?v=yiH0uZhD8gY
"Când eram mic am simțit cum cad,am tresărit si am dat cu capul de dulap(am plâns)",81,https://www.youtube.com/watch?v=yiH0uZhD8gY
Ai folosit personejele lui JIMMI😅😁,34,https://www.youtube.com/watch?v=yiH0uZhD8gY
nu vreau like !!!,17,https://www.youtube.com/watch?v=yiH0uZhD8gY
Sa ai un microfon atât de bun si atâtă calitate in video la doar 1k inseamna ca la 100k faci 360 sau 3D.,104,https://www.youtube.com/watch?v=yiH0uZhD8gY
"Am visat un pinguin
 care zboara
 pe timp de noapte",51,https://www.youtube.com/watch?v=yiH0uZhD8gY
Este posibil ca un prieten sa aibă visul unit cu Altau ?,56,https://www.youtube.com/watch?v=yiH0uZhD8gY
Jimmy,5,https://www.youtube.com/watch?v=yiH0uZhD8gY
Doar eu uneori vad ceva si am impresia ca am mai văzut acea chestie odată? Sunt eu nebun sau?,93,https://www.youtube.com/watch?v=yiH0uZhD8gY
Dimineata cand imi suna alarma visez ca o inchid si ca ma duc la scoala si cand ma trezesc realizez ca am pierdut ziua 😂,120,https://www.youtube.com/watch?v=yiH0uZhD8gY
Eu uneori râd in somn,21,https://www.youtube.com/watch?v=yiH0uZhD8gY
Am visat ceva care a doua zi sa intamplat si nu numai odata,59,https://www.youtube.com/watch?v=yiH0uZhD8gY
Cnv 2019? Să pot vorbi in vis și să nu pot. Are ceva?,53,https://www.youtube.com/watch?v=yiH0uZhD8gY
De ce tot pui imagini din La povești cu Jimmy?,46,https://www.youtube.com/watch?v=yiH0uZhD8gY
poate par ciudat dar......multii oameni si peste tot o sa gesesto faptul ca toti prefera caldura ca asa e corpul uman..dar..eu ma simnt mai bine cand e frig.....cand e foarte frig deja sunt ca si incalzit...dar urasc caldura........,232,https://www.youtube.com/watch?v=yiH0uZhD8gY
Lucid dreams,12,https://www.youtube.com/watch?v=yiH0uZhD8gY
2 mise întâmplă,15,https://www.youtube.com/watch?v=yiH0uZhD8gY
Tatăl meu a murit de când eram mică iar acum visez același vis cu el mort😔🤔,75,https://www.youtube.com/watch?v=yiH0uZhD8gY
Ce caută La povesti cu Jimmy aici?,34,https://www.youtube.com/watch?v=yiH0uZhD8gY
mie mi sa intamplat sa ma put in pat aveam ochii deschisi si visam ca eram la munca da era un vis asa foarte profund chiar si auzeam foarte clar si in acelas timp era si infricosator si in acelasi timp ma uitam si la tavan si nu mam trezit mi-revenit din starea ai cam dupa o ora a fost foarte ciudat nici nu stiu ce mi sa intamplat de fapt 😂😂😂,344,https://www.youtube.com/watch?v=yiH0uZhD8gY
"Eu vorbesc în somn.... cand dorm pe spate 
Dar când mă trezesc nu îmi aduc aminte ce am vorbit",94,https://www.youtube.com/watch?v=yiH0uZhD8gY
Eu am vorbit in somn,20,https://www.youtube.com/watch?v=yiH0uZhD8gY
Jimmy,5,https://www.youtube.com/watch?v=yiH0uZhD8gY
Cele mai misto vise sunt alea umede 😂😂😂,39,https://www.youtube.com/watch?v=yiH0uZhD8gY
Mișto! Care a dat dislike e terminat .,38,https://www.youtube.com/watch?v=yiH0uZhD8gY
Cele mai misto vise sunt alea umede 😂😂😂,39,https://www.youtube.com/watch?v=yiH0uZhD8gY
Poți să îmi spui SI mie de ce ai copiat Stickman ul lui Jimmy ?,63,https://www.youtube.com/watch?v=yiH0uZhD8gY
Cineva 2020?,12,https://www.youtube.com/watch?v=yiH0uZhD8gY
#9 da,5,https://www.youtube.com/watch?v=yiH0uZhD8gY
Mai patesc uneori .. si este foarte straniu sa adorm si efectiv sa am diferite segvente din urmatoarea zi .o parte dintr-un anumit obiect sau o intamplare sau un grup de cuvinte ... e normal?,191,https://www.youtube.com/watch?v=yiH0uZhD8gY
"Eo vorbesc cand dorm si dimineata imi zice mama, si da am visat un vis de 3 ori si era ca imi iau un pisoi",106,https://www.youtube.com/watch?v=yiH0uZhD8gY
"2,6,9 sunt eu",13,https://www.youtube.com/watch?v=yiH0uZhD8gY
Lato positivo 2.0,17,https://www.youtube.com/watch?v=yiH0uZhD8gY
Eu ma mișc când dorm,20,https://www.youtube.com/watch?v=yiH0uZhD8gY
Cine a fost somnambul sa dea inima eu am fost,45,https://www.youtube.com/watch?v=yiH0uZhD8gY
JIMMY CE CAUTI PE JOS?,22,https://www.youtube.com/watch?v=yiH0uZhD8gY
"Am adormit noaptea si aveam senzatia ca alunecasem si ma-m 
trezit si eram pe podea",83,https://www.youtube.com/watch?v=yiH0uZhD8gY
Eu am vorbit odată în somn,26,https://www.youtube.com/watch?v=yiH0uZhD8gY
Ești tare mi mi sa întâmplat să plâng în somn ce zici de asta,61,https://www.youtube.com/watch?v=yiH0uZhD8gY
Jimmy yeye,10,https://www.youtube.com/watch?v=yiH0uZhD8gY
Eu ce am visat mi sa întâmplat in viață reala,45,https://www.youtube.com/watch?v=yiH0uZhD8gY
"Mie mi sa intamplat sa visez de mai multe ori un cosmar periculos!😣😣😣😣😓😓🙁
Dar am scapat😀😀😀😀😀😂🤣😂🤣😅😅😅",99,https://www.youtube.com/watch?v=yiH0uZhD8gY
Sora mea a fost somnambulă o dată.Şi eu vorbesc în somn,55,https://www.youtube.com/watch?v=yiH0uZhD8gY
"Eu am avut sindromul capului care explodeaza...timp de 3 zile , dupa mi-a trecut.Pur si simplu cand incepeam sa adorm auzeam bubuituri sau sunete puternice si ma trezeam...totul era doar in mintea mea .Odata am calatorit astral.Stateam pe pat, doar ce adormisem si am simtit cum ma detasez de corp...apoi m.am gandit imediat la corpul fizic si am revenit la loc. O alta intamplare a fost aceea in care am ramas paralizata timp de o clipa dupa ce m.am trezit .Zilele acestea am adormit pe partea dreapta si pur si simplu nu mi.am putut misca piciorul stang dezi nu dormisem pe el .Imi amortise.Interesant este ca dupa aceasta intamplare nu m.a durut piciorul desi era super amortit .Chiar in timp ce ascultam videoclipul m.am pus in pat sa adorm....dae am vrut sa raspund la intrebare !😘 Na pasioneaza lumea aceasta a viselor .Am un jurnal in care mi le notez 😂😂",861,https://www.youtube.com/watch?v=yiH0uZhD8gY
Mie misau intplat 4,19,https://www.youtube.com/watch?v=yiH0uZhD8gY
Noaptea cand visez  or ce . Dupa un gimp mise intampa secvente din visul  respectiv,83,https://www.youtube.com/watch?v=yiH0uZhD8gY
Mereu mise întâmplă când ma ia somnul am impresia ca cad,56,https://www.youtube.com/watch?v=yiH0uZhD8gY
Vara mea era somnambula!,24,https://www.youtube.com/watch?v=yiH0uZhD8gY
Când o sa crești în abonați nu o sa. Mai ne răspunzi la comm,60,https://www.youtube.com/watch?v=yiH0uZhD8gY
Mă dureau mușchii când mă trezeam dimineața,43,https://www.youtube.com/watch?v=yiH0uZhD8gY
Am visat cv și mi s-a întâmplat în viața reală ....,51,https://www.youtube.com/watch?v=yiH0uZhD8gY
"E cumva posibil ca atunci cand dormi, sa te plimbi ca un somnanbul si sa vorbesti in acelasi timp 🤔",99,https://www.youtube.com/watch?v=yiH0uZhD8gY
Eu noaptea incerc sa vorbesc dar nu reusesc si intr un fel mormai si imi scartai dinti,86,https://www.youtube.com/watch?v=yiH0uZhD8gY
"Eu uneori atipesc sau adorm habar n-am ce se intampla dar si visez si aud ce se intampla in realitate si de ex visez ca trebuie sa fug dupa cineva in somn:si imi misc picioarele ca si cum as vrea sa alerg si ma ""trezesc""😂",221,https://www.youtube.com/watch?v=yiH0uZhD8gY
Eu visez viitorul,17,https://www.youtube.com/watch?v=yiH0uZhD8gY
