raw text,text_length,source
Pot sa inlocuiesc sosul de portocala cu Fanta?,46,https://www.youtube.com/watch?v=aYpUCWFD5L4
Ce am invatat : Tot ce ramane nefolositor de la pieptu de rata este aruncat la varza.,85,https://www.youtube.com/watch?v=aYpUCWFD5L4
cutitele alea taie ca ale mele :))),35,https://www.youtube.com/watch?v=aYpUCWFD5L4
"""Incalzim din nou sosul cu putin unt""
da .. foarte putin...o bucata intreaga =)))))",83,https://www.youtube.com/watch?v=aYpUCWFD5L4
mie deobicei nu imi place pieptul de rata dar aceasta reteta e foarte foarte foarte buna,88,https://www.youtube.com/watch?v=aYpUCWFD5L4
"Frumoasa reteta si super curat totul, imi place",47,https://www.youtube.com/watch?v=aYpUCWFD5L4
Ai de rata mea,14,https://www.youtube.com/watch?v=aYpUCWFD5L4
Frumos și elegant modul de preparare!,37,https://www.youtube.com/watch?v=aYpUCWFD5L4
"Uneori, esti simpatic!",22,https://www.youtube.com/watch?v=aYpUCWFD5L4
Da rața leşească ????,21,https://www.youtube.com/watch?v=aYpUCWFD5L4
"toti comenteaza pe aici..se cred ""bucatari""dar daca ii iei intr-o bucatarie profesionala fac pariu ca nici nu stiu sa aprinda aragazul ;)...",140,https://www.youtube.com/watch?v=aYpUCWFD5L4
"Rata ajuta la un sistem imunitar sanatos, lol, ceva mai cringe n-am auzit.",74,https://www.youtube.com/watch?v=aYpUCWFD5L4
Delicios!,9,https://www.youtube.com/watch?v=aYpUCWFD5L4
Complimenti Chef!,17,https://www.youtube.com/watch?v=aYpUCWFD5L4
❤️❤️❤️💪💪💪👏👏,11,https://www.youtube.com/watch?v=aYpUCWFD5L4
Dumitresculeeee !!!!!! Tare ti place !!!!!!!,44,https://www.youtube.com/watch?v=aYpUCWFD5L4
De ce sa lăsăm pieptul de rata sa se liniștească? Este nervos? 🤔,64,https://www.youtube.com/watch?v=aYpUCWFD5L4
Uit sa il urmaresc ca lesin de ris de la comentariile unora....,63,https://www.youtube.com/watch?v=aYpUCWFD5L4
Super reteta si platingul la fel!,33,https://www.youtube.com/watch?v=aYpUCWFD5L4
Cu siguranta este delicios .,28,https://www.youtube.com/watch?v=aYpUCWFD5L4
👏👏👏👏👏,5,https://www.youtube.com/watch?v=aYpUCWFD5L4
Arată așa de bine!,18,https://www.youtube.com/watch?v=aYpUCWFD5L4
Gordon Ramsay de Romania doar ca nu injura :))),47,https://www.youtube.com/watch?v=aYpUCWFD5L4
pieptul de rata este well done :(,33,https://www.youtube.com/watch?v=aYpUCWFD5L4
O super deliciosa reteta si usor de pregatit!(asta datorita Sefului Florin Dumitrescu care e explicat foarte bine si clar ),123,https://www.youtube.com/watch?v=aYpUCWFD5L4
Mai bine fac command la o 🍕,27,https://www.youtube.com/watch?v=aYpUCWFD5L4
Daca le fac in vita are ceva?,29,https://www.youtube.com/watch?v=aYpUCWFD5L4
"Foarte delicios , cu aroma de portocala !
Multumesc frumos pentru prezentare 💖💖",79,https://www.youtube.com/watch?v=aYpUCWFD5L4
"Multumesc, arata delicios👍😘😘",28,https://www.youtube.com/watch?v=aYpUCWFD5L4
De fiecare data inghite in gol cand vorbeste de mancare:)),58,https://www.youtube.com/watch?v=aYpUCWFD5L4
Mulțumesc Șef Florin ptru.acest filmuleț  .cum se prepară pieptul de rață.👍,75,https://www.youtube.com/watch?v=aYpUCWFD5L4
Felicitări pentru că te pricepi la toate 🤗,42,https://www.youtube.com/watch?v=aYpUCWFD5L4
Chef este foarte simpatic și are un caracter foarte bun la fel și modul de gătire,81,https://www.youtube.com/watch?v=aYpUCWFD5L4
I-a căzut fața când a văzut că pieptul e gătit prea mult. 🤣 🤣 🤣,63,https://www.youtube.com/watch?v=aYpUCWFD5L4
Mă apuc să fac și eu rețeta asta să văd dacă îmi iese ca în clip! :) Se vede cine știe meserie...,97,https://www.youtube.com/watch?v=aYpUCWFD5L4
ce tigaie e aia?,16,https://www.youtube.com/watch?v=aYpUCWFD5L4
Bravo Chef Florin.,18,https://www.youtube.com/watch?v=aYpUCWFD5L4
Cucina Made in Italia è super!!!!!!!,36,https://www.youtube.com/watch?v=aYpUCWFD5L4
bucatile de grasime care spui ca Nu sunt comestibile dar le pui peste varza.,76,https://www.youtube.com/watch?v=aYpUCWFD5L4
Nu am mâncat niciodată varză roșie o sa incerc in salată,56,https://www.youtube.com/watch?v=aYpUCWFD5L4
De ce o pui in varza daca Nu e comestibila?🐴,44,https://www.youtube.com/watch?v=aYpUCWFD5L4
Frumoasa reteta Chef,20,https://www.youtube.com/watch?v=aYpUCWFD5L4
Doresc si eu macar un cuti de acela,35,https://www.youtube.com/watch?v=aYpUCWFD5L4
Ce este accea verdeata care o adauga la final?,46,https://www.youtube.com/watch?v=aYpUCWFD5L4
Cat vin cantitatea?,19,https://www.youtube.com/watch?v=aYpUCWFD5L4
sarmale buna e grattaru,23,https://www.youtube.com/watch?v=aYpUCWFD5L4
Super 👍💕multumesc,17,https://www.youtube.com/watch?v=aYpUCWFD5L4
"Cea mai buna rețeta, sper sa-mi iasa ceva bun bun😙😙",51,https://www.youtube.com/watch?v=aYpUCWFD5L4
Buna treaba Lidl. Buna treaba Chef.,35,https://www.youtube.com/watch?v=aYpUCWFD5L4
Rata ar trebui gasita in meniuri la deserturi!,46,https://www.youtube.com/watch?v=aYpUCWFD5L4
daca ii da cineva farfuria asta la chefi la cutite sigur ti o pune in cap😆😆😆😆,77,https://www.youtube.com/watch?v=aYpUCWFD5L4
Bravo!,6,https://www.youtube.com/watch?v=aYpUCWFD5L4
"Nu arata bine,dar banuiesc k e bun. Nu degeaba se autointituleaza ""chef'""",73,https://www.youtube.com/watch?v=aYpUCWFD5L4
"te admir foarte tare esti idolul meu in bucatarie .De la tine am invatat sa tai cu cutitul in stilul ala smecher!
#lectii",121,https://www.youtube.com/watch?v=aYpUCWFD5L4
Iar daca primea pieptul de rata asa in emisiune zicea ca e mult prea facut,74,https://www.youtube.com/watch?v=aYpUCWFD5L4
Ce tigaie foloseti la călire?,29,https://www.youtube.com/watch?v=aYpUCWFD5L4
Vin dulce?,10,https://www.youtube.com/watch?v=aYpUCWFD5L4
Domnul sa va binecuvinteze,26,https://www.youtube.com/watch?v=aYpUCWFD5L4
"Sef. Regular nr 2 nu se amesteca cu Ling inox, in tigaile bune",62,https://www.youtube.com/watch?v=aYpUCWFD5L4
Da si un pic de zahar,21,https://www.youtube.com/watch?v=aYpUCWFD5L4
"MAAAIII LEU , Cemi place rata gatitaaaa.",40,https://www.youtube.com/watch?v=aYpUCWFD5L4
Asta-i o nebunie! 😋,19,https://www.youtube.com/watch?v=aYpUCWFD5L4
Ce se pricepe omul!😚👋,21,https://www.youtube.com/watch?v=aYpUCWFD5L4
Se poate pune zahar brun? E mai buna asa?,41,https://www.youtube.com/watch?v=aYpUCWFD5L4
"Multumesc,chef Florin !",23,https://www.youtube.com/watch?v=aYpUCWFD5L4
"Mama lui de sos de portocale, suc de portocale cu sare ,piper si unt .Combinatie de asta nu am mai vazut. Cine a inventato?",123,https://www.youtube.com/watch?v=aYpUCWFD5L4
"mai mult bate cu cutitul in tocator decat sa taie cu el ...
ceva nu e ok cutitul nu e bun varza prea tare ceapa sare din mana :))))",131,https://www.youtube.com/watch?v=aYpUCWFD5L4
va pup pe toti bucatarii experti din comentarii care l-ati vazut pe Gordon Ramsay cum a facut un burger si acuma va credeti mai buni ca Chef Florin :*,150,https://www.youtube.com/watch?v=aYpUCWFD5L4
Mama deci am produs saliva uitanduma la clip,44,https://www.youtube.com/watch?v=aYpUCWFD5L4
"Daa acum comentează totii mari bucătari care stiu sa fac cartofi prajiti😂😂😂😂asa e romanul nostru sa vorbeasca mult , prost si fara rost😄😄😄",138,https://www.youtube.com/watch?v=aYpUCWFD5L4
Rața pare overcooked.  Si am văzut că Gordon Ramsey pune rața pe tigaia rece pentru ca altfel ramane grăsimea in piept.,119,https://www.youtube.com/watch?v=aYpUCWFD5L4
"Varza erm. Resturile de la fasonat se pun in tigaie separata, Si se prajesc pana devin crocante, dupa care se scot. In grasimea rezultata se pune unt. In untul topit se pune ceapa rosie (shallot in cel mai rau caz). Dupa ceapa se adauga varza frecata in zahar alb. Se acopera Si se inabuseste. Se adauga: zahar brun, otet balsamic, vin rosu, apa 1/3 din fiecare lichid. Se Lasa la inabusit - dupa care se arde alcoolul. Cam asta ar fi reteta.",442,https://www.youtube.com/watch?v=aYpUCWFD5L4
stii ca ai atins fundul sacului cand faci reclama pentru Lidl,61,https://www.youtube.com/watch?v=aYpUCWFD5L4
"Очень интересно,но не понятно.Захар это сахар?",46,https://www.youtube.com/watch?v=aYpUCWFD5L4
Vreu să te intreb te rog dacă carnea de rață este tare ce pot să fac să o fierb înainte?,88,https://www.youtube.com/watch?v=aYpUCWFD5L4
cam prea bine facut pieptul ala de rata :)),43,https://www.youtube.com/watch?v=aYpUCWFD5L4
"Eu prefer curcan pe varza, portocala ca desert si rata o las sa traiasca... e prea simpatica si nu pot s-o mananc.",114,https://www.youtube.com/watch?v=aYpUCWFD5L4
Pot sa folosesc vin alb,23,https://www.youtube.com/watch?v=aYpUCWFD5L4
"Acopera varza cu vin, spune ca lasa sa fiarba pana scade vinul si varza ramane calita in vin, usor crocanta, aproape aproape aproape de o dulceata. La final are asa mult vin, incat trebuie sa strecoare varza. Eu n-am mai auzit asa ceva, sa strecori varza cand faci varza calita...",280,https://www.youtube.com/watch?v=aYpUCWFD5L4
E prima data când aud ca rata se pune pe tigaia deja încinsă. Din tot ce am mai văzut se punea în tigaia rece pentru ca grăsimea sa apuce sa se topească puțin.,159,https://www.youtube.com/watch?v=aYpUCWFD5L4
E un chef foarte bun la gătit,29,https://www.youtube.com/watch?v=aYpUCWFD5L4
Stim si noi cum sa tocam o varza,32,https://www.youtube.com/watch?v=aYpUCWFD5L4
Întotdeauna urmăresc cu placere rețetele dvs.!!!!,49,https://www.youtube.com/watch?v=aYpUCWFD5L4
Foarte bine arata 👌🏼👍🏻,22,https://www.youtube.com/watch?v=aYpUCWFD5L4
Habar nu am de gatit dar emisiunea e bestiala,45,https://www.youtube.com/watch?v=aYpUCWFD5L4
"cand a zis salut ma asteptam sa continue cu ,,apasa tasta 1 pentru reincarcare , 2 pentru a reasculta numarul tau orange sau tasta 3 pentru a selecta limba dorita""",163,https://www.youtube.com/watch?v=aYpUCWFD5L4
"am facut reteta si nu mi-a placut gustul de dulce , pur si simplu creierul nu vrea sa priceapa ca nu e desert",109,https://www.youtube.com/watch?v=aYpUCWFD5L4
"Salut,nu credeti ça ar trebui ça pieptul de rata sa fie pus intr-o tigaie rece si pusa dupa pe foc si nu o tigaie incinsa? O demarare la rece a piptului nu ar ataca atat de mult pielea",184,https://www.youtube.com/watch?v=aYpUCWFD5L4
"Cam slăbuț ,cu tot respectul",28,https://www.youtube.com/watch?v=aYpUCWFD5L4
Cel mai bun bucatar este FOAMEA..un an nou fericit,50,https://www.youtube.com/watch?v=aYpUCWFD5L4
in Bucatarie cu ceas la mana si cu verigheta. Foarte profesional :)),68,https://www.youtube.com/watch?v=aYpUCWFD5L4
Nu incepem nimic prin.....,26,https://www.youtube.com/watch?v=aYpUCWFD5L4
"serios , florine spunei asta lui gordon ramsay cu sarea",55,https://www.youtube.com/watch?v=aYpUCWFD5L4
Sal.Multumesc ptr reteta!🤗🤗,27,https://www.youtube.com/watch?v=aYpUCWFD5L4
Sa ai parte de meserie de bucatar,33,https://www.youtube.com/watch?v=aYpUCWFD5L4
"f.f.f.reusit un piept de rata,f.bun stima.",42,https://www.youtube.com/watch?v=aYpUCWFD5L4
Cel mai mare pregătar!,22,https://www.youtube.com/watch?v=aYpUCWFD5L4
Mi ai demonstrat că gastronomia este chimie între ingrediente deci este știința,79,https://www.youtube.com/watch?v=aYpUCWFD5L4
"FLORIN DUMITRESCU TU ȘI DORMI CU CEASUL,FACI ȘI DUȘ CU CEASUL, DE GĂTIT OBSERV CĂ EȘTI CU CEASUL.       CÎT ESTE ORA?",117,https://www.youtube.com/watch?v=aYpUCWFD5L4
Cu pletele alea gatesti?nu prea meriti statutul de chef..,57,https://www.youtube.com/watch?v=aYpUCWFD5L4
Cel mai sarac bucatar..,23,https://www.youtube.com/watch?v=aYpUCWFD5L4
"La Romania sunt produse escelente dar nu stim , toti, sa le valorizam .., mergeti in super market si cumparati produse industrializzate...",138,https://www.youtube.com/watch?v=aYpUCWFD5L4
"Hmm, chiar nu am facut pana acum piept de rata. Multumim pentru reteta!",71,https://www.youtube.com/watch?v=aYpUCWFD5L4
ba cat sufera asta!,19,https://www.youtube.com/watch?v=aYpUCWFD5L4
"Acest bucătar omoară cuțitele. Niciodată nu se înlătură de pe planșeta de tăiere cu tăișul lamei cuțitului. 
Cuțitele care nu au lama bine ascuțită creează cele mai mari accidente în bucătării.",193,https://www.youtube.com/watch?v=aYpUCWFD5L4
"Acu să începem: Ce e mă asta, platting? Asta e varză?, Asta e rață??? :) :)",75,https://www.youtube.com/watch?v=aYpUCWFD5L4
"Am sa incerc, pare bun. Nu am inteles ce pune la final pentru miros, cimbru sau ce!?",84,https://www.youtube.com/watch?v=aYpUCWFD5L4
"Gebratene Entenbrust mit Orangesauce, Glasierte Rosenkohl mit Kroketekartoffeln, ai uitat Florin",96,https://www.youtube.com/watch?v=aYpUCWFD5L4
Jalnice cutite ... bine ca nu am cumparat,41,https://www.youtube.com/watch?v=aYpUCWFD5L4
Treaba cu varza lasă de dorit,29,https://www.youtube.com/watch?v=aYpUCWFD5L4
super,5,https://www.youtube.com/watch?v=aYpUCWFD5L4
Esti dumnezeu în România ticuțule...olé tu macho,48,https://www.youtube.com/watch?v=aYpUCWFD5L4
Pot sa inlocuiesc portocala cu corcoduse?,41,https://www.youtube.com/watch?v=aYpUCWFD5L4
"Conceptul e bun doar ca pieptul de rata e gatit prea mult,aranjarea in farfurie nu e prea elaborata si varza si sosul de portocale nu mi se par prea bogate in aroma.Gordon Ramsay putea face o treaba de 30 de ori mai buna",220,https://www.youtube.com/watch?v=aYpUCWFD5L4
Ai omorat  rata Aia.,20,https://www.youtube.com/watch?v=aYpUCWFD5L4
"Numai rata si piept de rata, atat stiti....",43,https://www.youtube.com/watch?v=aYpUCWFD5L4
Foarte buna reteta!,19,https://www.youtube.com/watch?v=aYpUCWFD5L4
"Merci mult de video, maine il punem in aplicare cu sotul 🤩",58,https://www.youtube.com/watch?v=aYpUCWFD5L4
",,Și acum vine parte cu mirosul,,- nu a spus ce mirodenie pune la final!!!!!!!!!!!",82,https://www.youtube.com/watch?v=aYpUCWFD5L4
👍👍🥇🕶️,5,https://www.youtube.com/watch?v=aYpUCWFD5L4
La bucătărie ar trebui părul prins si acoperit cu o boneta,58,https://www.youtube.com/watch?v=aYpUCWFD5L4
Pieptul de rata e prea facut!,29,https://www.youtube.com/watch?v=aYpUCWFD5L4
"Eu știam ca rata se adauga in tigaia rece, evident fără ulei!",61,https://www.youtube.com/watch?v=aYpUCWFD5L4
"Foarte tare  pieptul de rata cu varza rosie si portocale  ti- a iesit super   si aranjamentul  imi place cred ca are un gust deosebit  bun,bun,bun 😋😋😋complimente  se vede ca esti un bucatar talentat 🍗🍗🍖",202,https://www.youtube.com/watch?v=aYpUCWFD5L4
"Un bucatar intro zi mia zis ca atunci cand tai pe ""fund"" chestii, niciodata nu le dai la o parte cu lama in jos ci cu partea cealalta, ca nimeresc bucatele mici zgaraiate de pe materialul folosit pentru taiat!",209,https://www.youtube.com/watch?v=aYpUCWFD5L4
"ai pus direct grasimea de la piept,,,,care oricum nu o sa se lege cu sosul....iar produsul finit o sa fie dispersat....grasime si dulce....te pup ,nu sunt rau dar sper sa apreciezi....mai vb",190,https://www.youtube.com/watch?v=aYpUCWFD5L4
Za,2,https://www.youtube.com/watch?v=aYpUCWFD5L4
"Un filet de carne de rata in spania costa 7 euro, asa ca ma las pagubasa...))cand eram in romania faceam rata cu varza, oridecateori aveam pofta ,pentruca parintii mei aveau peste 100 de rate in curte...))",205,https://www.youtube.com/watch?v=aYpUCWFD5L4
"Rata trebuie marinata,,,,etc,etc",32,https://www.youtube.com/watch?v=aYpUCWFD5L4
Batae de joc de produsse.. Rata Este prea coapta,48,https://www.youtube.com/watch?v=aYpUCWFD5L4
"Cffff



Lulkuuniiiiiuuuuu🖍🔏😯😯😯😧😧🤤🤤🤤🤤😧🐝💖da5ryruy",48,https://www.youtube.com/watch?v=aYpUCWFD5L4
"Am căutat rata și varza roșie la lidl,inexistente!pai nu i păcat de vin sa l prăpădesc pe o amărâtă de varza?",109,https://www.youtube.com/watch?v=aYpUCWFD5L4
Pai a zis ca lasam sa scada vinul pana varza se caleste. Ce.ai facut mai Florinele...,85,https://www.youtube.com/watch?v=aYpUCWFD5L4
nu e bun mai bine mananc un burger,34,https://www.youtube.com/watch?v=aYpUCWFD5L4
"Bună dimineața, și dacă punem pieptul de rața în tigaia rece nu-și lasă toată acea grăsime, și atunci nu mai trebuie să o curățăm noi?",134,https://www.youtube.com/watch?v=aYpUCWFD5L4
De ce nu pui ceapă roșie?,25,https://www.youtube.com/watch?v=aYpUCWFD5L4
chiar ca esti varza  florine scuza ma,37,https://www.youtube.com/watch?v=aYpUCWFD5L4
ce fond de ten bun are pe fața😀,31,https://www.youtube.com/watch?v=aYpUCWFD5L4
Iaca sa figuri de la înaltă societate,37,https://www.youtube.com/watch?v=aYpUCWFD5L4
"Da,asa trebuie distrus o piept de rata,pentru aceasta nu exista in tara niciun restaurant cu stea Michelin.",107,https://www.youtube.com/watch?v=aYpUCWFD5L4
"Meserie te halesc da nam scule 
Cutitele nu erau bune nu im placea cum taie dac nu ma credeti intrebati pe sefu bucatar",119,https://www.youtube.com/watch?v=aYpUCWFD5L4
Îmi place ce ai făcut și sper sa mai faci clipuri despre rețete și ești un chef bucătar de treabă,97,https://www.youtube.com/watch?v=aYpUCWFD5L4
Totul frumos... Pana sa vad ca rata a fost gătită prea mult și cimbrul lai tăiat nu ai cules doar frunzulițe,108,https://www.youtube.com/watch?v=aYpUCWFD5L4
Mai bine sa iti ascuti prima oara cuțitele,42,https://www.youtube.com/watch?v=aYpUCWFD5L4
Foarte fain!,12,https://www.youtube.com/watch?v=aYpUCWFD5L4
rata se pune intro tigaie rece la gatit. asa scrie la carte,59,https://www.youtube.com/watch?v=aYpUCWFD5L4
Sunteti un om minunat ....a mi place cum explicați ....eu am un stil de a pregatiti ...totul fiert an apa cu sare si adaug uleiul la sfarsit ...nu fac la tigaie prăjit nimic ....,178,https://www.youtube.com/watch?v=aYpUCWFD5L4
super,5,https://www.youtube.com/watch?v=aYpUCWFD5L4
"Verdeața de la urmă... Nu prea își are rostul. Ca să spui ca e doar pentru miros, e jale chef!",94,https://www.youtube.com/watch?v=aYpUCWFD5L4
A bagat cutitu ala murdar in suport . Daca mai ma uit la cateva clipuri cu asta ma las de gatit,95,https://www.youtube.com/watch?v=aYpUCWFD5L4
"Canard à l'orange, miam miam miam miam miam 😳",45,https://www.youtube.com/watch?v=aYpUCWFD5L4
Bai fraților uitați cu cine îl comparați pe săracul om? Wtf Gordon ramsay e cel mai bun cotat bucătar în viata... Și nu va mai dați artiști.. Dacă știți sa faceți cartofi pai cu șnițel nu înseamnă că sunteți la nivelul lui.,223,https://www.youtube.com/watch?v=aYpUCWFD5L4
daca nu sunt comestibile pielitele de pe carne......de ce le pui in  farfurie ???,81,https://www.youtube.com/watch?v=aYpUCWFD5L4
In ce hal toaca .bai baiatule  spargi capul oamenilor daca lucri cu mai multi intr o bucatarie  . De ce nu folosesti picioarele  🤣😂🤣😂,133,https://www.youtube.com/watch?v=aYpUCWFD5L4
"Tot respectul bucatar. Arata foarte bine, imi place ideea de varza tocata in Vin rosu, este o combinatie perfecta, doar ca atentie la termenii utilizati. Julienne inseamna batonase de 1cm per 3 cm de lungime. Asadar ceapa pe care ati taiat-o este EMINCER. Spor in continuare! ;)",278,https://www.youtube.com/watch?v=aYpUCWFD5L4
"Bai Florine..daca tot te dai baiat corect si le stii pe toate,pune si tu etichete pe preparatele tale cu numele de Gordon Ramsey..please dude.Nu mai plagia mancarea altuia.😂",173,https://www.youtube.com/watch?v=aYpUCWFD5L4
Pieptul de rata nu se pune CAND TIGAIA E INCINSA. Inainte de tigaie se tine pe o suprafata f rece(chiar cu gheata) si presarat cu sare si se pune in tigaia rece pe foc mic. Asa se va topi usor mai multa grasime si are timp apoi sa fie crocanta.,244,https://www.youtube.com/watch?v=aYpUCWFD5L4
cred ca era mult mai ok sa faci un deglasaj....inainte sa-l pui peste sos....ma refer la un flambe cu un brandy<<<<ce zici?,123,https://www.youtube.com/watch?v=aYpUCWFD5L4
cred ca era mult mai ok sa faci un deglasaj....inainte sa-l pui peste sos....ma refer la un flambe cu un brandy<<<<ce zici?,123,https://www.youtube.com/watch?v=aYpUCWFD5L4
am fost astazi la lidl si nam gasit piept de rata,49,https://www.youtube.com/watch?v=aYpUCWFD5L4
De as taia si eu asa bine varza !!! 😅👍👍👍👍👍super chef !!!! 👍👍👍👍👍,63,https://www.youtube.com/watch?v=aYpUCWFD5L4
Alti șefi spun ca trebuie pus in tigaia rece,44,https://www.youtube.com/watch?v=aYpUCWFD5L4
"Dar sanatos stiti sa gatiti si voi? In toate emisiunile vad prajeli, vad unt topit in tigaie , grasimi arse si multe alte obiceiuri de genul acesta. Ia gatiti voi pieptul de rata fara sa descopuneti grasimile si implicit sa le transformati in ceva toxic pentru organism. La ce ne foloseste gustul daca mancarea respectiva ne otraveste lent in loc sa ne hraneasca?",363,https://www.youtube.com/watch?v=aYpUCWFD5L4
ba ce bucatar esti ? ai bagat tigaia cu coada de lemn in cuptor la 180-200c wtf ? vrei sa iti ia foc cuptorul ? :))) nimeni nu a observat ?,139,https://www.youtube.com/watch?v=aYpUCWFD5L4
Sefule. Nu se Lucra cu inele in bucatarie. Sti doar. Cred....,61,https://www.youtube.com/watch?v=aYpUCWFD5L4
"Aruncati cu farfuria după el si ziceți că nu mancati otrăvurile astea ,si dacă comentează începeți să injurati si eventual sa săriti la bătaie ""cum făcea domnul specialist ""!",174,https://www.youtube.com/watch?v=aYpUCWFD5L4
Ai pus dea zahăr la varza asta de ai rupto :))),47,https://www.youtube.com/watch?v=aYpUCWFD5L4
Dacă aș prezenta reteta asta la colegii taiScarlatescu sii Bontea ar aruncao la cos,83,https://www.youtube.com/watch?v=aYpUCWFD5L4
"chef Florin ,vous etes le meilleur chef en Roumanie [numero 1]",62,https://www.youtube.com/watch?v=aYpUCWFD5L4
Buun:) dar dacă nu arunca alimentele alea si trântește Bucățile alea de carne de le ia dracu'...😂😂😂,99,https://www.youtube.com/watch?v=aYpUCWFD5L4
"Mancati rata costa doar 120 lei una la Lidl .....in caz ca va mai raman bani ,luati si varza si restul ...;)",108,https://www.youtube.com/watch?v=aYpUCWFD5L4
Cam puțină mâncare în farfurie....,34,https://www.youtube.com/watch?v=aYpUCWFD5L4
"Cata diferenta intre bucataria lidl si cea de la selgros, incepand cu plating pana la explicatul intregului proces tehnologic si toate facute cu zambetul pe buze si cu pasiune. Asta e asa sictirit si atotsuficient in toate clipurile zici ca el a inventat gaura in covrig, ma mir la ce l mai platesc astia de la lidl ei chiar nu vad ce (nu) face asta?!",351,https://www.youtube.com/watch?v=aYpUCWFD5L4
Mergeti la lidl ca produsele de la batranii nostri nu mai sunt bune. CACAT,74,https://www.youtube.com/watch?v=aYpUCWFD5L4
uyyyyy rico,11,https://www.youtube.com/watch?v=aYpUCWFD5L4
"Mancam carne de rata sa nu avem colesterol ridicat,dar totusi folosim unt ca sa o gatim,logica francezului sau la  toti care gatesc dupa bucataria frantuzeasca.Cea mai buna dieta din lume e aia mediteraneana,unde se gateste doar cu ulei de masline",247,https://www.youtube.com/watch?v=aYpUCWFD5L4
"Cu siguranta este foarte bun,dar este ft urat aranjat in farfurie",65,https://www.youtube.com/watch?v=aYpUCWFD5L4
Cum zice el.... Unde e sosul? Prea putin sos... Plus ca pieptul de rata e cam facut :))),88,https://www.youtube.com/watch?v=aYpUCWFD5L4
Borhot !,8,https://www.youtube.com/watch?v=aYpUCWFD5L4
The herb at the end was not contributing to the dish at all if  such a strong herb is not infused in the sauce,110,https://www.youtube.com/watch?v=aYpUCWFD5L4
Felul cum gateste este cancer si colesterol100%.Florine gateste pentru tine..,77,https://www.youtube.com/watch?v=aYpUCWFD5L4
"Recomand 'regizorului' sa repete scenele de chopping pana cand arata perfect. Se vede clar cum cutitul sare aiurea cand taie varza si ceapa. Stim ca se intampla asta in bucatarie  dar un regizor cu ochi buni ar fi atent la detaliile astea. Apoi la minutul 1:48 omul loveste vasele, regizorul, daca exista, ar trebui sa opreasca si sa repete treaba. Lene sau buget redus? Sau ignoranta? Bugetul e singurul scuzabil.",414,https://www.youtube.com/watch?v=aYpUCWFD5L4
"Nu am inteles de ce nu se asezoneaza carnea cruda. Daca vrei o friptura, trebuie sa o deshidratezi, pentru ca, altfel, apa va iesi in momentul in care o gatesti si o sa fiarba. Ceea ce ma aduce la a doua problema. Daca incingi bine tigaia inainte de a pune pieptul, grasimea nu mai are timp sa se topeasca si, ca si in cazul de fata, pana s-a topit grasimea, pieptul era deja prea patruns.
Iar daca asezonezi totul la final, o sa simti gustul de sare si piper, acoperind celelalte arome.",487,https://www.youtube.com/watch?v=aYpUCWFD5L4
Spui ca nu este comestibila si tu tot o arunci in varza,55,https://www.youtube.com/watch?v=aYpUCWFD5L4
Am si eu o dilema . M-ati omorat cu denumirile voaste julien bechanel etc . Dar denumirile romanesti va sta in gat precum ceapa tocata pestisori sau tocata mare ?,162,https://www.youtube.com/watch?v=aYpUCWFD5L4
"Toți ,,pricepuții” comentează pe aici. Bucătarii lu pește prăjit!",65,https://www.youtube.com/watch?v=aYpUCWFD5L4
"Regula zice ca  : Daca pui pieptul cu partea grasa intr-o tigaie incinsa grasimea  se sigileaza in interior rezultatul fiind mult mai gretos. Daca il pui in tigaia rece si lasi sa se incinga treptat, grasimea se topeste mult mai bine si mai usor. Astfel ai si cu ce sa faci mai mult sos. La cat de putina grasime vad pe pieptul ala pe care il foloseste Chef Florin, sincer nu prea mai conteaza cum e tigaia  caci nu are ce sa fie gretos si tocmai pentru ca nu are multa grasime e bine ca a adaugat o bucata mai mare de unt.",523,https://www.youtube.com/watch?v=aYpUCWFD5L4
Florine ai spus ca lasi varza sa fearba pina scade vinu nai fost correct👎🇷🇴🕕,76,https://www.youtube.com/watch?v=aYpUCWFD5L4
"Eu am o religie care nu îmi permite să folosesc vinul. 
Cu ce aș putea să-l înlocuiesc?",87,https://www.youtube.com/watch?v=aYpUCWFD5L4
Bucataria lidle. Lol .lidel este supermarketul saracului in Europe.,67,https://www.youtube.com/watch?v=aYpUCWFD5L4
Zestu? Sa schimbat cuvantul coaja din romana in engleza?,56,https://www.youtube.com/watch?v=aYpUCWFD5L4
99 ou Bhutan 6,14,https://www.youtube.com/watch?v=aYpUCWFD5L4
"dl chef ....
asezonarea se face la n ceput .... de ce ...???? ajuta la eliminarea apei  din grasime ....
de preferat prajiirea pieptului de rata se face intr o tigaie rece sa poti elimina grasimea ..nu .intr o tigie fierbinte ,,,cand o bagi la cuptor .... pune rata  pe o tava fierbinte .... bbbbb gata ca ai facut prea multe gafe si e mult de corectat ....sunt dezamagit ,.....am crezut ca esti mai bun",403,https://www.youtube.com/watch?v=aYpUCWFD5L4
Rata este prea gatita..,23,https://www.youtube.com/watch?v=aYpUCWFD5L4
"Ce nu-mi place mie la toate retetele astea e ca se face foarte multă risipă. Prefer ceva cu  randament mai mare, să fie și gustos și eficient. Apoi nu înțeleg de ce nu folosiți capac la cratițile de gătit, mai ales în cazul legumelor. Ați salva timp de gătit, economie de foc și, cel mai important, nu se evaporă toate uleiurile volatile din mâncare. Gastronomic o fi bun însă gastrotehnic și eficiență... lasă de dorit.",420,https://www.youtube.com/watch?v=aYpUCWFD5L4
Varza e mov nu roșie,20,https://www.youtube.com/watch?v=aYpUCWFD5L4
"Domnule chef Florin , ar fi bine sa  puneti si  ce ingrediente se folosesc, cantitati , timpi  si ati pus sare si piper doar pe o singura parte  de carne , cu respect .",168,https://www.youtube.com/watch?v=aYpUCWFD5L4
Este un clasic de a servii cu portocala dar cred ca noi romanii nu  suntem obisnuiti cu dulce de la zahar peste carne. Eu asezonez inainte si nu am deshridatare. Pana si cei mai cunoscuti şefi asezoneaza inainte de coacere.,223,https://www.youtube.com/watch?v=aYpUCWFD5L4
..... si asa iti hranesti tu fiica? cu varza in vin? dupa aia merge drept?,74,https://www.youtube.com/watch?v=aYpUCWFD5L4
LA VASEEEEE FLORINELE,21,https://www.youtube.com/watch?v=aYpUCWFD5L4
"My brother
:(",13,https://www.youtube.com/watch?v=aYpUCWFD5L4
Ala e cumva cutit berkendorf,28,https://www.youtube.com/watch?v=aYpUCWFD5L4
"5 desene qbianca
2w",19,https://www.youtube.com/watch?v=aYpUCWFD5L4
"tigaie 🍳 cu mâner de lemn la cuptor și zest, vorbește românește coaja",69,https://www.youtube.com/watch?v=aYpUCWFD5L4
Avusei niste pulpe de rata prin frigider și le băgai direct la cuptor și le cam făcui overcooked. Acu le las la răcit și le bag la frigider până mâine când continui sa fac varză călită. Păcat că nu văzui rețeta ta . O văzui pe a lui Dinescu și e mai ușoară aia boss. Răceală ușoară și ție.,289,https://www.youtube.com/watch?v=aYpUCWFD5L4
♥️♥️❤️❤️👍👍👍,11,https://www.youtube.com/watch?v=aYpUCWFD5L4
"Nu al vazut nici un chef 👩‍🍳 sa faca salata cu mainile.. mie i-mi faceti cacare . Studia daca vrei sa fii bucatar .., chef visez. In partile mele se zice: Nu vreau sa te ofenses dar io sunt de lux confronto a te. Astea c’è spui tu sunt elemente bazilare ., nici de cum stii tu sa cucinez. Daca mergi a l’estero te pune sa fii chef ( cum te desumesti )la cantinele sociale",371,https://www.youtube.com/watch?v=aYpUCWFD5L4
"Nenea Ramsey zice exact invers si anume pune sare si piper inainte si tigaia rece nu incinsa.
https://youtu.be/qAfmfCArUgA",122,https://www.youtube.com/watch?v=aYpUCWFD5L4
Mare bucătar Vai si vai numai fala e de voi rusine,50,https://www.youtube.com/watch?v=aYpUCWFD5L4
"Doamnee cât pot vorbii unii oameni. O sa spun un lucru pentru hateri și termin: Băi oameni buni, omul asta va arata niște rețete destul de simple pe care voi le puteți face.. Aoloo.. Cred ca dacă va da vreo rețetă de-a lui titanica și încercați sa o faceți pai va ia bucătăria foc.. Pune-ți ba mâna și învățați ca sunteți de toată jena 😑",337,https://www.youtube.com/watch?v=aYpUCWFD5L4
foarte bine florine voi trei sunteti cei mai buni sefi la cutite va urmaresc de cand ati anceput misiunea bravo sunteti super ok!!,130,https://www.youtube.com/watch?v=aYpUCWFD5L4
Nici nu se închinge tigaia  la pieptul de rata👎👎👎,49,https://www.youtube.com/watch?v=aYpUCWFD5L4
Unul dintre cei mai buni bucatari din Romania Florin Dumitrescu,63,https://www.youtube.com/watch?v=aYpUCWFD5L4
"FRATILOR ASTA E O RECLAMA PANARAMA LA PRODUSELE PENTRU LIDL ! DACA O SA INCERCATI ASTA ACASA , NU O SA VA PLACA , VA GARANTEZ , ESTE DOAR O STRATEGIE SA CUMPARATI !  ! !  - ALCOOL , LEGUME- FRUCTE , CARNE + LACTATE ( CE CAUTA UNTUL ALA LA FINAL ???? )  ESTE GANDITA SMECHERIA SI NU MAI PIERDETI TIMPUL CU PROSTII",312,https://www.youtube.com/watch?v=aYpUCWFD5L4
"Sef Florin trebe propus pentru premul ""Dancila"" la categoria aberatii!  ""...PENTRU CA RATA AJUTA LA UN SISTEM IMUNITAR SANATOS,,,, ! HALOOO! LidlRomania, Cum puteti sa postati asemena aberatii?",193,https://www.youtube.com/watch?v=aYpUCWFD5L4
Puneți fraților sare și piper la început că nu are nici un gust dacă faci ca dl Florin.,87,https://www.youtube.com/watch?v=aYpUCWFD5L4
"Habar nu are ""chef"" Florin sa gateasca.   Demonstratia asta ma face sa rad... de la cap la coada le-a facut pe toate invers... 😆 atat ca da bine pe ecran.... cu gatitul... mai putin... incepand de la fasonarea pieptului, continuand cu faptul ca rata se pune in tigaie rece si sareaza in prealabil si pana la faptul ca nici măcar nu stie cum se scot segmenturile (acele ""fileuri"" 🤣) de la portocala... concluzia e ca atat preparatul cat si bucatarul sunt varza 🤣🤣🤣",463,https://www.youtube.com/watch?v=aYpUCWFD5L4
"Mulțumesc pentru acest videoclip. Isus se întoarce, te rog. Tratează-i pe toți cu respect, dă-i săracilor, vizitează bolnavii, prizonierii, văduvele și orfanii pentru a-i încuraja, Dumnezeu este în continuare în activitatea de vindecare, nu plătește pentru vindecare, nici pentru izbăvire. Binecuvântările vin la noi în fiecare dimineață ... evitați orice activitate sau vorbire rea. Vom fi trași la răspundere pentru fiecare cuvânt inactiv pe care l-am spus, deci spuneți puțin sau nimic și ne pocăim pentru ceea ce ați spus sau ați făcut, care ar fi considerat rău înaintea lui Dumnezeu. Țineți minte calea îngustă, așa că întreabă-l pe Dumnezeu ce ar fi nevoie pentru a ajunge în cer? Atunci fă ce spune. Te iubesc si te rog si pentru mine. Dumnezeu să vă binecuvânteze dragostea mea.",787,https://www.youtube.com/watch?v=aYpUCWFD5L4
