raw text,text_length,source
supperrr,8,https://www.youtube.com/watch?v=nigSWLQRwp4
Ce norocos e sotul😂🔝💕,21,https://www.youtube.com/watch?v=nigSWLQRwp4
de ce nu te duci la masterchef ai talent nu gluma sigur ai castiga !!!,70,https://www.youtube.com/watch?v=nigSWLQRwp4
mersi mult! :) sora mea va fi foarte bucuroasa! :),50,https://www.youtube.com/watch?v=nigSWLQRwp4
Jamilla mi-aș dori sa fii mama mea😁,35,https://www.youtube.com/watch?v=nigSWLQRwp4
Mama o zis că sigur va încerca! Abia aștept 🤤,45,https://www.youtube.com/watch?v=nigSWLQRwp4
"Draga Jamila, am incercat aceste gogosi si sunt superbe ... O sa le fac mereu",77,https://www.youtube.com/watch?v=nigSWLQRwp4
se pot praji? :),16,https://www.youtube.com/watch?v=nigSWLQRwp4
cu ce editezi?,14,https://www.youtube.com/watch?v=nigSWLQRwp4
"mmmmm, delicios!",16,https://www.youtube.com/watch?v=nigSWLQRwp4
WOW!😄. E super tare! Ești o bucătăreasă de nota 10.🍩🍩🍩,54,https://www.youtube.com/watch?v=nigSWLQRwp4
Cum se numeste muzica de pe fundal?,35,https://www.youtube.com/watch?v=nigSWLQRwp4
"Esti o dulcica la fel ca gogosile....salutari din PAMPLONA,,sunt pe urmele tale,,succes in continuare",101,https://www.youtube.com/watch?v=nigSWLQRwp4
Nu pot să-mi imaginez ce gustoase sunt delicios mea făcut poftă azi fac și eu uraaa 🍕🍟🍔🍩🍩🍧,90,https://www.youtube.com/watch?v=nigSWLQRwp4
multumesc !,11,https://www.youtube.com/watch?v=nigSWLQRwp4
bv 💋,4,https://www.youtube.com/watch?v=nigSWLQRwp4
este interesant,15,https://www.youtube.com/watch?v=nigSWLQRwp4
acum am pofta de gogoși.....iiiiiaaaammm,40,https://www.youtube.com/watch?v=nigSWLQRwp4
super.frumos,12,https://www.youtube.com/watch?v=nigSWLQRwp4
Îmi place! Mai ales ca ne-a spus și un exemplu! Mulțumim!,57,https://www.youtube.com/watch?v=nigSWLQRwp4
Am incercat reteta. E  delicioasa!,34,https://www.youtube.com/watch?v=nigSWLQRwp4
Hayatımda görüğüm en guzel donut,32,https://www.youtube.com/watch?v=nigSWLQRwp4
vreau un raspuns urgent!!  multumesc!!,38,https://www.youtube.com/watch?v=nigSWLQRwp4
vad ca iti place sa gatesti!!!bravo!!!!,39,https://www.youtube.com/watch?v=nigSWLQRwp4
cat dureaza?,12,https://www.youtube.com/watch?v=nigSWLQRwp4
Arată super☺☺☺,14,https://www.youtube.com/watch?v=nigSWLQRwp4
Pot pune folie de aluminu sub ele?,34,https://www.youtube.com/watch?v=nigSWLQRwp4
"poti sa pui , te rog , ingredientele in descriere ?",51,https://www.youtube.com/watch?v=nigSWLQRwp4
Ma bucur mult sa vad ca este si subtitrare in engleza! ☺️,57,https://www.youtube.com/watch?v=nigSWLQRwp4
Sunt grozave și tu lafel,24,https://www.youtube.com/watch?v=nigSWLQRwp4
O sa incerc😍😍sunt foarte frumoase,33,https://www.youtube.com/watch?v=nigSWLQRwp4
Tasty ! They are perfect :),27,https://www.youtube.com/watch?v=nigSWLQRwp4
"Imi plac retele dvs. ❤
As vrea sa stiu de unde ati luat bolurile?",65,https://www.youtube.com/watch?v=nigSWLQRwp4
❤super tare mult video al tău cristina de tine super tare mult video al româniei și mai mult tot ce este dor de tine.,117,https://www.youtube.com/watch?v=nigSWLQRwp4
Gogosile sunt delicioase si arata foarte bine! 😘,48,https://www.youtube.com/watch?v=nigSWLQRwp4
cea mai grea reteta de gogosi pe care am incercat o!,52,https://www.youtube.com/watch?v=nigSWLQRwp4
Esti draguta si priceputa😘,26,https://www.youtube.com/watch?v=nigSWLQRwp4
mie imi place ce faci si cum explici tu mai indemnat sa fac multe retete te rog continua asa!😘😙😚,96,https://www.youtube.com/watch?v=nigSWLQRwp4
Când țe-am văzut una din rețete am început să îmi fac un caiet de prăjituri în care scriu unele din rețetele tale!,114,https://www.youtube.com/watch?v=nigSWLQRwp4
te iubim,8,https://www.youtube.com/watch?v=nigSWLQRwp4
Jamila ai niste retete super faine si chiar ies esti un exemplu! continua tot asa!,82,https://www.youtube.com/watch?v=nigSWLQRwp4
Buna seara! Oare gogoșile se pot face și in ulei?? Mulțumesc!😘🥰,63,https://www.youtube.com/watch?v=nigSWLQRwp4
Oricum ești super tare 🤳👍👍👍,27,https://www.youtube.com/watch?v=nigSWLQRwp4
Cit de bine arata 🧡❤️💚💜💛💙,25,https://www.youtube.com/watch?v=nigSWLQRwp4
arata super bine🍩 faci numai mancare buna👍,42,https://www.youtube.com/watch?v=nigSWLQRwp4
Ce pofta mi-ai facut .,22,https://www.youtube.com/watch?v=nigSWLQRwp4
O sa fac si eu gogosi ms mult ❤❤❤,33,https://www.youtube.com/watch?v=nigSWLQRwp4
"Mie nu mi-au iesit si am cele 2 carti ale tale si am vizionat video-ul tau de 4 ori 
Cred ca am pus prea putina drojdie",119,https://www.youtube.com/watch?v=nigSWLQRwp4
Nota 10....❤❤❤.....super!!!!!,29,https://www.youtube.com/watch?v=nigSWLQRwp4
👍👍👍👍 arată foarte bine,22,https://www.youtube.com/watch?v=nigSWLQRwp4
The best 🥰🥰😍😍😍,14,https://www.youtube.com/watch?v=nigSWLQRwp4
mda....,7,https://www.youtube.com/watch?v=nigSWLQRwp4
arata super!!!!😀😆,17,https://www.youtube.com/watch?v=nigSWLQRwp4
"Ce bine arată, am sa le fac și eu,mulțumesc pentru rețetă, bună idee facute la cuptor🤗👌😋😍🥞",90,https://www.youtube.com/watch?v=nigSWLQRwp4
🤤🤤🤤🤤,4,https://www.youtube.com/watch?v=nigSWLQRwp4
in loc de unt pot sa pun margarină ?,36,https://www.youtube.com/watch?v=nigSWLQRwp4
Îmi faci poftă!!,16,https://www.youtube.com/watch?v=nigSWLQRwp4
Buna.daca am tava pentru gogosi trebuie sa fac compozitia mai subtire?,70,https://www.youtube.com/watch?v=nigSWLQRwp4
ar trebui sa va duceti la master chef!,38,https://www.youtube.com/watch?v=nigSWLQRwp4
Dsaielcn,8,https://www.youtube.com/watch?v=nigSWLQRwp4
"iarta- ma jamila,dar sa sti ca îmi plac foarte mult retetele tale .",67,https://www.youtube.com/watch?v=nigSWLQRwp4
Super delicios 🤗😘😍,18,https://www.youtube.com/watch?v=nigSWLQRwp4
Super tare,10,https://www.youtube.com/watch?v=nigSWLQRwp4
Ești mega superbă,17,https://www.youtube.com/watch?v=nigSWLQRwp4
"Astazi le-am facut si eu, delicioase si usor de facut! Sint foarte incintata si iti multumesc pentru reteta Jamila!",115,https://www.youtube.com/watch?v=nigSWLQRwp4
Se poate și cu drojdie proaspătă?,33,https://www.youtube.com/watch?v=nigSWLQRwp4
😋😋😘😘,4,https://www.youtube.com/watch?v=nigSWLQRwp4
CE delicios 😊😊,14,https://www.youtube.com/watch?v=nigSWLQRwp4
arată delicios:-) :-) :-) :-) :-) :-) :-) :-) !!!!!!!!!,55,https://www.youtube.com/watch?v=nigSWLQRwp4
Am doar 9 ani și au ieșit foarte buneee,39,https://www.youtube.com/watch?v=nigSWLQRwp4
Pot folosi si drojdie proaspătă?,32,https://www.youtube.com/watch?v=nigSWLQRwp4
Foarte bune. Preferatele soțului și ale celui mic :). Mulțumim pentru rețetă.,77,https://www.youtube.com/watch?v=nigSWLQRwp4
Putem sa le injectăm cu glazura?,32,https://www.youtube.com/watch?v=nigSWLQRwp4
Super esti cea  mai talentata !!!!,34,https://www.youtube.com/watch?v=nigSWLQRwp4
💛💚💙💜💘,5,https://www.youtube.com/watch?v=nigSWLQRwp4
"Ești genială
Morrrrrrr de poooooftăăă",37,https://www.youtube.com/watch?v=nigSWLQRwp4
Putem să punem zahăr simplu?,28,https://www.youtube.com/watch?v=nigSWLQRwp4
E a treia oara cand fac si nu imi creste aluatul! De ce?🤔,57,https://www.youtube.com/watch?v=nigSWLQRwp4
am încercat si au ieșit delicioase ☺,36,https://www.youtube.com/watch?v=nigSWLQRwp4
Mulțumesc pentru rețetă,23,https://www.youtube.com/watch?v=nigSWLQRwp4
foarte apetisante! le voi încerca cu siguranță. felicitări,58,https://www.youtube.com/watch?v=nigSWLQRwp4
Arată foarte bine,17,https://www.youtube.com/watch?v=nigSWLQRwp4
Am incercat si eu si sunt extrem de bune,40,https://www.youtube.com/watch?v=nigSWLQRwp4
Iti ador mncarea și la fel si pe tine,37,https://www.youtube.com/watch?v=nigSWLQRwp4
De unde cumperi ciocolata amaruie?,34,https://www.youtube.com/watch?v=nigSWLQRwp4
Wow ti.au iesit minunate,24,https://www.youtube.com/watch?v=nigSWLQRwp4
🥰,1,https://www.youtube.com/watch?v=nigSWLQRwp4
"Am facut dar nu au nicio treaba cu gogosile, sunt un fel de mucenici moldovenesti la gust si consistenta.",105,https://www.youtube.com/watch?v=nigSWLQRwp4
"Eu am încercat să fac,şi mi s-a primit super",44,https://www.youtube.com/watch?v=nigSWLQRwp4
Bravo!,6,https://www.youtube.com/watch?v=nigSWLQRwp4
Ce talentata esti!😘,19,https://www.youtube.com/watch?v=nigSWLQRwp4
În loc de zahăr pot pune miere?,31,https://www.youtube.com/watch?v=nigSWLQRwp4
Wow mulțumim sigur o sa le facem si o sa le incercam.😊❤,55,https://www.youtube.com/watch?v=nigSWLQRwp4
Mi-ai facut pofta !!!🙁😁😀😀😋vreau si eu 😉😖,40,https://www.youtube.com/watch?v=nigSWLQRwp4
De ce nu participi la chef la cutite chiar te pricepi sa faci de toate!! Ai castiga,83,https://www.youtube.com/watch?v=nigSWLQRwp4
am incercat si eu dar nu am gasit ciocolata,43,https://www.youtube.com/watch?v=nigSWLQRwp4
"Mulțumesc frumos pentru rețetă,am urmat toți pașii și mi-a ieșit!",65,https://www.youtube.com/watch?v=nigSWLQRwp4
🤗 bune retete multumesc,23,https://www.youtube.com/watch?v=nigSWLQRwp4
sunt obsedat de gogosi,22,https://www.youtube.com/watch?v=nigSWLQRwp4
🍩🍩🍩🍩🍩🍩👌👌👌👌💙👍👍👍,14,https://www.youtube.com/watch?v=nigSWLQRwp4
"🍩🍩🍩🍩☕😙👍💕💕 arată super delicioase, wow, trebuie sa încerc să le fac și eu, te pup",80,https://www.youtube.com/watch?v=nigSWLQRwp4
buna jamila eu am7 ani si ma cheama lorena eu. cu mami ne uitam la retetele tale,80,https://www.youtube.com/watch?v=nigSWLQRwp4
De abia astept ca mama mea sa faca reteta aceasta :),52,https://www.youtube.com/watch?v=nigSWLQRwp4
Ies tari..nu inteleg de ce😔,27,https://www.youtube.com/watch?v=nigSWLQRwp4
a fost foarte buna   reteta 😊,29,https://www.youtube.com/watch?v=nigSWLQRwp4
cele mai interesante sînt rețetele tale🇬🇧😇,42,https://www.youtube.com/watch?v=nigSWLQRwp4
Oau ce frumos arata ...foarte bine ! 😋😋😋😋😋😍😍😍😍😍😘😮,49,https://www.youtube.com/watch?v=nigSWLQRwp4
Jamila esti foarte talentata si creativa aproape toate rudele mele au luat retete de la tine . Sper sa imi raspunzi,115,https://www.youtube.com/watch?v=nigSWLQRwp4
O sa încerc 🤗 sa vad cum imi iasă la cuptor eu de obicei  făceam in ulei maine fac 23.03.2020 abea astept sa fac Multumesc de idee🤗,131,https://www.youtube.com/watch?v=nigSWLQRwp4
Ce marca e drojdia?,19,https://www.youtube.com/watch?v=nigSWLQRwp4
Arată super .,13,https://www.youtube.com/watch?v=nigSWLQRwp4
Este obligatoriu untul?,23,https://www.youtube.com/watch?v=nigSWLQRwp4
Putem sa nu folosim coaja de lămâie?,36,https://www.youtube.com/watch?v=nigSWLQRwp4
Poti sa faci un video in care sa explici tipurile de ciocolata? Cum sa le temperezi ca sa poti face forme?,106,https://www.youtube.com/watch?v=nigSWLQRwp4
Mie mi-au iesit,15,https://www.youtube.com/watch?v=nigSWLQRwp4
super,5,https://www.youtube.com/watch?v=nigSWLQRwp4
Cate gogoși au eșit 😉 Îmi plac rețetele tale.😉🤗,47,https://www.youtube.com/watch?v=nigSWLQRwp4
O voi încerca!,14,https://www.youtube.com/watch?v=nigSWLQRwp4
Imi place reteta,16,https://www.youtube.com/watch?v=nigSWLQRwp4
👏👏👍🏼,4,https://www.youtube.com/watch?v=nigSWLQRwp4
Super tentant tumnail,21,https://www.youtube.com/watch?v=nigSWLQRwp4
Au iesit niste painici cu ciocolata deasupra :),47,https://www.youtube.com/watch?v=nigSWLQRwp4
Super!,6,https://www.youtube.com/watch?v=nigSWLQRwp4
Am încercat și eu .Și sunt foarte bune.😍😍😍😍😘,44,https://www.youtube.com/watch?v=nigSWLQRwp4
Cea mai bună 🥂🍦🍷🍕🍔🥞🍦,20,https://www.youtube.com/watch?v=nigSWLQRwp4
In cam cat timp se dublează volumul aluatului?,46,https://www.youtube.com/watch?v=nigSWLQRwp4
Îmi place foarte mult vidioclipul și mi  de pare foarte delucios,64,https://www.youtube.com/watch?v=nigSWLQRwp4
"Cam cât ar însemna,,pana se dubleaza""?",38,https://www.youtube.com/watch?v=nigSWLQRwp4
Ce gogoși faci 😍😍,17,https://www.youtube.com/watch?v=nigSWLQRwp4
Buna eu am lasat drojdia cu lapte dar nu mia crescut asa ca la tine de ce?,74,https://www.youtube.com/watch?v=nigSWLQRwp4
Esti geniala!! Jamila 😘😘,24,https://www.youtube.com/watch?v=nigSWLQRwp4
👍😍,2,https://www.youtube.com/watch?v=nigSWLQRwp4
1:05,4,https://www.youtube.com/watch?v=nigSWLQRwp4
01:00,5,https://www.youtube.com/watch?v=nigSWLQRwp4
De unde iti vin toate ideile?,29,https://www.youtube.com/watch?v=nigSWLQRwp4
Mulțumesc mult pentru rețetă,28,https://www.youtube.com/watch?v=nigSWLQRwp4
😋😋😋😋😋😋,6,https://www.youtube.com/watch?v=nigSWLQRwp4
Cea mai bună  rețetă! Nota 100*,31,https://www.youtube.com/watch?v=nigSWLQRwp4
pot lasa aluatul la crescut peste noapte?,41,https://www.youtube.com/watch?v=nigSWLQRwp4
Eu am incercat sa fac chipsuri si nu mai iesit .Arată ca un cartofi si avea gustul de cartofi prăjiți,101,https://www.youtube.com/watch?v=nigSWLQRwp4
"ce frumoase arata...exact ca la magazin, acum astept sa se dubleze aluatul, sa vad ce iese, am facut cu miere ca nu am zahar, va spun ce a iesit.",145,https://www.youtube.com/watch?v=nigSWLQRwp4
Cât de suptire se întinde aluatul?,34,https://www.youtube.com/watch?v=nigSWLQRwp4
cam cat le lasi la frigider?,28,https://www.youtube.com/watch?v=nigSWLQRwp4
are ceva daca untul este putin mai slab?,40,https://www.youtube.com/watch?v=nigSWLQRwp4
"Foarte bun și m-ai ales foarte aromat. 
Bravo!",46,https://www.youtube.com/watch?v=nigSWLQRwp4
Se pot face și în baie de ulei?,31,https://www.youtube.com/watch?v=nigSWLQRwp4
dar unplutura ?,15,https://www.youtube.com/watch?v=nigSWLQRwp4
Se păstrează bine o noapte la loc călduț?,41,https://www.youtube.com/watch?v=nigSWLQRwp4
Zici ca sunt gogoși de la Lidl 😂,32,https://www.youtube.com/watch?v=nigSWLQRwp4
😘😘😗😘😗😗,6,https://www.youtube.com/watch?v=nigSWLQRwp4
Mi poftă,8,https://www.youtube.com/watch?v=nigSWLQRwp4
omg super,9,https://www.youtube.com/watch?v=nigSWLQRwp4
Am făcut și eu cu Nuttela. Sunt grozave😘🤗. Mai postați rețete de dulciuri!!,75,https://www.youtube.com/watch?v=nigSWLQRwp4
Și eu am făcut sunt cele mai bune!!,35,https://www.youtube.com/watch?v=nigSWLQRwp4
Sunt foarte delicioase,22,https://www.youtube.com/watch?v=nigSWLQRwp4
Imi place,9,https://www.youtube.com/watch?v=nigSWLQRwp4
pot sa nu pun unt,17,https://www.youtube.com/watch?v=nigSWLQRwp4
"Buna Jamila,am facut cu mama mea aceste gogosi si au esit superb,Multumesc pt reteta,Ar trebuie sa te duci la sef la cutite ai face o treaba minunata!🥰🥰🥰",153,https://www.youtube.com/watch?v=nigSWLQRwp4
Ce inseamna CC Eng Sub?,23,https://www.youtube.com/watch?v=nigSWLQRwp4
am incercat si eu asa dar miau esit mai urate,45,https://www.youtube.com/watch?v=nigSWLQRwp4
Putem folosi și drojdie cubuleț?,32,https://www.youtube.com/watch?v=nigSWLQRwp4
Am făcut si eu ...delicioase,28,https://www.youtube.com/watch?v=nigSWLQRwp4
mersi mult,10,https://www.youtube.com/watch?v=nigSWLQRwp4
le am incercat si sunt bune,27,https://www.youtube.com/watch?v=nigSWLQRwp4
Da,2,https://www.youtube.com/watch?v=nigSWLQRwp4
Putem sa folosim si zahar brun,30,https://www.youtube.com/watch?v=nigSWLQRwp4
Am pus laptele cu drojdia si zaharul vanilat dar nu a crescut deloc de ce?,74,https://www.youtube.com/watch?v=nigSWLQRwp4
Pot sa omoit coaja de lămâie?,29,https://www.youtube.com/watch?v=nigSWLQRwp4
Am respectat reteta si nu a iesit nimic,39,https://www.youtube.com/watch?v=nigSWLQRwp4
Felicitări pentru toata munca pe care o depui :)! Arată excelent gogosile astea :),82,https://www.youtube.com/watch?v=nigSWLQRwp4
Mulțumesc si de data aceasta 😘❤️🍩🍩,34,https://www.youtube.com/watch?v=nigSWLQRwp4
"Ce bine au iesit! :D
Poate reusesc sa fac si eu aceasta reteta in weekend! Nu am incercat-o niciodata! :D",105,https://www.youtube.com/watch?v=nigSWLQRwp4
"Wow... nu mă gandeam ca putem face gogosi la cuptor, am incercat si eu la fel ca tine si au iesit super ca niste prajiturele, multumesc mult!! :* :* :*",151,https://www.youtube.com/watch?v=nigSWLQRwp4
spuneti-mi va rog daca pot sa le fac si cu drojdie proaspata,60,https://www.youtube.com/watch?v=nigSWLQRwp4
Eu de vanilie,13,https://www.youtube.com/watch?v=nigSWLQRwp4
mmmmmmm yum yum delicious tasty that is very cute and very cool people. I’m crazy,81,https://www.youtube.com/watch?v=nigSWLQRwp4
poți in loc de ciocolată să folosești gem sau dulceață?,55,https://www.youtube.com/watch?v=nigSWLQRwp4
unde gasesti ciocolata in forma aia de fulgi??,46,https://www.youtube.com/watch?v=nigSWLQRwp4
Buna dimineata ! Imi place reteta si as vrea sa o fac dar am drojdie proaspata la cubulet de 25 gr . Ce cantitate ar trebui sa pun? Multumesc,141,https://www.youtube.com/watch?v=nigSWLQRwp4
Ce ciocolata folosesti?,23,https://www.youtube.com/watch?v=nigSWLQRwp4
Zaharul este cel normal sau praf?,33,https://www.youtube.com/watch?v=nigSWLQRwp4
Și eu am incercat rețeta și au ieșit foarte gustoase gogoșile !!!,65,https://www.youtube.com/watch?v=nigSWLQRwp4
Yummy mi-a făcut și mama mea și a ieșit bune rău ♥️♥️♥️♥️♥️ aveți niste rețete bune,83,https://www.youtube.com/watch?v=nigSWLQRwp4
Lesin de pofta!!!,17,https://www.youtube.com/watch?v=nigSWLQRwp4
nu prea am experienta in bucatarie si a fost prima data cand am incercat sa fac gogosi. au iesit exact la fel si super pufoase si am ramas surprinsa:))),152,https://www.youtube.com/watch?v=nigSWLQRwp4
şi mama mea a facut gogoşi din alea şi a fost buna,50,https://www.youtube.com/watch?v=nigSWLQRwp4
Am o întrebare de ce nu a crescut laptele?,42,https://www.youtube.com/watch?v=nigSWLQRwp4
de ce nu spui cata drojdie proaspata ....merci,46,https://www.youtube.com/watch?v=nigSWLQRwp4
sue,3,https://www.youtube.com/watch?v=nigSWLQRwp4
ce bine arata bravo!!😃,22,https://www.youtube.com/watch?v=nigSWLQRwp4
Ma lasi  Omg  vreau si eu,25,https://www.youtube.com/watch?v=nigSWLQRwp4
Ciocolata trebuie sa fie rece când băgi gogoșile în ea? Răspunde te rog,71,https://www.youtube.com/watch?v=nigSWLQRwp4
Merge si fără ou?!,18,https://www.youtube.com/watch?v=nigSWLQRwp4
Pot pune praf de copt ? In loc de drojdie ?,43,https://www.youtube.com/watch?v=nigSWLQRwp4
Super tare continua tot așa !😍😘😗😙😚😉😆😅😄😃😂😁😀☺☺,44,https://www.youtube.com/watch?v=nigSWLQRwp4
Dupa ca ai amestecat incredientele ai mai adaugat faina?,56,https://www.youtube.com/watch?v=nigSWLQRwp4
Putem sa punem și alte creme,28,https://www.youtube.com/watch?v=nigSWLQRwp4
Esti foarte tare,16,https://www.youtube.com/watch?v=nigSWLQRwp4
"Daca nu avem drojdie uscata, ci proaspata, cat se pune?",55,https://www.youtube.com/watch?v=nigSWLQRwp4
Mi-a iesit e super gustos,25,https://www.youtube.com/watch?v=nigSWLQRwp4
Ar trebui sa te duci la masterchef,34,https://www.youtube.com/watch?v=nigSWLQRwp4
Nu a iesit nimic...am irosit degeaba ingredientele🤢Plus ca am inceput la ora 4 si am terminat la 9,98,https://www.youtube.com/watch?v=nigSWLQRwp4
super,5,https://www.youtube.com/watch?v=nigSWLQRwp4
buna..de unde pot lua fulgi de ciocolata pe care ii folostiti?,62,https://www.youtube.com/watch?v=nigSWLQRwp4
"I.am aratat mamei acest clip si a facut di ea, au iesit delicioase, multumim mult :) !",86,https://www.youtube.com/watch?v=nigSWLQRwp4
super,5,https://www.youtube.com/watch?v=nigSWLQRwp4
Cu ce editati? =)),18,https://www.youtube.com/watch?v=nigSWLQRwp4
Cu ce editati? =)),18,https://www.youtube.com/watch?v=nigSWLQRwp4
Ce bun a iesit am incercat și eu faceti și voi,46,https://www.youtube.com/watch?v=nigSWLQRwp4
oau ce bine o reteta de gogosi fara a fi prajite in ulei. :),60,https://www.youtube.com/watch?v=nigSWLQRwp4
e bine ador,11,https://www.youtube.com/watch?v=nigSWLQRwp4
Eu le-am făcut deja de două ori,31,https://www.youtube.com/watch?v=nigSWLQRwp4
Pot folosi margarină la pachet in locul untului?,48,https://www.youtube.com/watch?v=nigSWLQRwp4
Can you please make this video in English,41,https://www.youtube.com/watch?v=nigSWLQRwp4
Ce ulei folosesti? Noi folosim unul pastrat la tp camerei,57,https://www.youtube.com/watch?v=nigSWLQRwp4
Trebuie neapărat esența de portocale pot sa pun și de rom sau vanilie? ???,74,https://www.youtube.com/watch?v=nigSWLQRwp4
buna chiar ami plac toate retetele dvs pe toate le am ancercat sunt delicioase dar mai am anghietata te pup si succesc an toate felicitari,138,https://www.youtube.com/watch?v=nigSWLQRwp4
Super rețeta am facut si eu doar ca nu mi-au ieșit exact asa... 😊😊😊,67,https://www.youtube.com/watch?v=nigSWLQRwp4
Yumy am facut si eu e bun rauuuuuu,34,https://www.youtube.com/watch?v=nigSWLQRwp4
😳😳,2,https://www.youtube.com/watch?v=nigSWLQRwp4
"au iesit super, desi nu am pus ou, zahar, unt si nici lapte. In loc de 2 oua am pus o lingura de amidon, in loc de zahar am pus doua linguri de miere, in loc de lapte am pus apa si in loc de unt doua linguri de ulei si a iesit super.",233,https://www.youtube.com/watch?v=nigSWLQRwp4
English?,8,https://www.youtube.com/watch?v=nigSWLQRwp4
Pot pune si drojdie proaspătă,29,https://www.youtube.com/watch?v=nigSWLQRwp4
Cu ce pot inlocui laptele ?,27,https://www.youtube.com/watch?v=nigSWLQRwp4
Eu am facut si mia iesit ezact a a ta,37,https://www.youtube.com/watch?v=nigSWLQRwp4
"wow,arata exceptional cu siguranta voi incerca",46,https://www.youtube.com/watch?v=nigSWLQRwp4
de ce trebuie la temperatura camerei,36,https://www.youtube.com/watch?v=nigSWLQRwp4
felicitari Jamila esti geniala,30,https://www.youtube.com/watch?v=nigSWLQRwp4
De unde ai luat ciocolata?,26,https://www.youtube.com/watch?v=nigSWLQRwp4
Am   ma  scuzi dar am incercat si eu dar nu mi a iest . Sunt congelate 🤢🤢🤢🤢,75,https://www.youtube.com/watch?v=nigSWLQRwp4
tshygs hdv hdh,14,https://www.youtube.com/watch?v=nigSWLQRwp4
👍🤗😍🍩🍩🍩🍩🍩🍩,9,https://www.youtube.com/watch?v=nigSWLQRwp4
jamila am incercat reteta a fost gustoasa 😍😍😍😍😍😍😍😍😍😍😍😍😍😍😘😘😘😘😘😘,62,https://www.youtube.com/watch?v=nigSWLQRwp4
"Delicios ,o sa incerc si eu !!<3",32,https://www.youtube.com/watch?v=nigSWLQRwp4
Ba frate mi sa facut gura apa cand am vazut gogosile alea,57,https://www.youtube.com/watch?v=nigSWLQRwp4
"Mi-au iesit cu acea textura si consistenta de mucenici moldovenesti! Unde am gresit? Nu sunt tari, sunt pufosi, dar nu arata a gogosi",133,https://www.youtube.com/watch?v=nigSWLQRwp4
foarte bune miau iesit,22,https://www.youtube.com/watch?v=nigSWLQRwp4
Faceți niște rețete minunate .Și aveți un canal de excepție.,60,https://www.youtube.com/watch?v=nigSWLQRwp4
putem sa omitem coaja de lamaie,31,https://www.youtube.com/watch?v=nigSWLQRwp4
"Mulțumesc pentru rețeta, nepoții mei au fost cei mai bucuroși de aceste gogoși delicioase și ff apetisante.",107,https://www.youtube.com/watch?v=nigSWLQRwp4
???,3,https://www.youtube.com/watch?v=nigSWLQRwp4
am facut si au gust a turtă,27,https://www.youtube.com/watch?v=nigSWLQRwp4
Eu cumpăr aceste gogoși de la lidl si sunt extreme de bune,58,https://www.youtube.com/watch?v=nigSWLQRwp4
Yumyyyyu,8,https://www.youtube.com/watch?v=nigSWLQRwp4
jamila gogoșile vor avea gustul asemănător unui cozonac?,56,https://www.youtube.com/watch?v=nigSWLQRwp4
daa... chiar ieri am gasit o reteta de gogosi la cuptor.. si ziceam sa incerc.. ma bucur atat de tare ca ai acum pot sa o fac dupa reteta ta :) ai niste manute de aur ^^,169,https://www.youtube.com/watch?v=nigSWLQRwp4
imi place foarte mult pare delicios,35,https://www.youtube.com/watch?v=nigSWLQRwp4
"Can you translate into English,please",37,https://www.youtube.com/watch?v=nigSWLQRwp4
Sunt extraordinare de bune,26,https://www.youtube.com/watch?v=nigSWLQRwp4
le glazuram neaparat,20,https://www.youtube.com/watch?v=nigSWLQRwp4
"Gogosile arată foarte bine , ca si cele din magazin .👍😉",55,https://www.youtube.com/watch?v=nigSWLQRwp4
Putem folosi apă călduță  în loc de lapte?,42,https://www.youtube.com/watch?v=nigSWLQRwp4
بلبززز ممكن ترجمة المقادير بالعربي,34,https://www.youtube.com/watch?v=nigSWLQRwp4
De unde iei ciocolata aia ?,27,https://www.youtube.com/watch?v=nigSWLQRwp4
le-am facut si sa sti ca au fost foarte bune..😍😍😍😍,50,https://www.youtube.com/watch?v=nigSWLQRwp4
Am incercat si eu reteta si au iesit  foarte bune.,50,https://www.youtube.com/watch?v=nigSWLQRwp4
hi..what if i don't have vanilla sugar? thanks,46,https://www.youtube.com/watch?v=nigSWLQRwp4
cat le ai tinut la frigider pentru a se intari glazura?,55,https://www.youtube.com/watch?v=nigSWLQRwp4
Aţi ales bine reţetele,22,https://www.youtube.com/watch?v=nigSWLQRwp4
super😘😘😘,8,https://www.youtube.com/watch?v=nigSWLQRwp4
Jamilia trebuie unt neaparat,28,https://www.youtube.com/watch?v=nigSWLQRwp4
ce faina folosiți,17,https://www.youtube.com/watch?v=nigSWLQRwp4
mamamia...arata super,21,https://www.youtube.com/watch?v=nigSWLQRwp4
ce bine arată gogosile,22,https://www.youtube.com/watch?v=nigSWLQRwp4
"Să știţi că eu cu mama mea mă uit la
Dvs. Bune re ţete",54,https://www.youtube.com/watch?v=nigSWLQRwp4
Unde putem sa gasim acele forme pentru gogosi? (formele de metal),65,https://www.youtube.com/watch?v=nigSWLQRwp4
Să știi să faci un video cum se face Albinuța cu miere,54,https://www.youtube.com/watch?v=nigSWLQRwp4
"Am si eu o intrebare: daca am drojdie cubulet, cate grame sa pun ?",66,https://www.youtube.com/watch?v=nigSWLQRwp4
Nu mi.a crescut 🤔,17,https://www.youtube.com/watch?v=nigSWLQRwp4
Se poate folosi și drojdie normala adică la cubuleț?,52,https://www.youtube.com/watch?v=nigSWLQRwp4
Am încercat și eu această rețetă și au ieșit mai mult decât delicioase 😁😁🍩🍩,75,https://www.youtube.com/watch?v=nigSWLQRwp4
Like doamnă Jamila  !ADELA WOLT din Bucureşti,45,https://www.youtube.com/watch?v=nigSWLQRwp4
wow este super am încercat sa fac si eu si sunt super gustoase,62,https://www.youtube.com/watch?v=nigSWLQRwp4
Na kolik to pece a jak dlouho?,30,https://www.youtube.com/watch?v=nigSWLQRwp4
Dar gogosile alea cu linii albe?Din ce era facuta glazura alba?Stiu ca a-ti folosit un pos ca sa puneti liniile pe gogosi.,122,https://www.youtube.com/watch?v=nigSWLQRwp4
plz,3,https://www.youtube.com/watch?v=nigSWLQRwp4
prima👍❤,7,https://www.youtube.com/watch?v=nigSWLQRwp4
very nice waiting for the eng sub,33,https://www.youtube.com/watch?v=nigSWLQRwp4
"Jamlia, abia aștept să mi le prepare bunica mea!",48,https://www.youtube.com/watch?v=nigSWLQRwp4
Eu astept acum sa creasca aluatul=)),36,https://www.youtube.com/watch?v=nigSWLQRwp4
şi daca navem agredele,22,https://www.youtube.com/watch?v=nigSWLQRwp4
Ești cea mai tare!!!!!!!!!!😄😄😄😄😄😄😘😘😘😘,37,https://www.youtube.com/watch?v=nigSWLQRwp4
Drojdia poate fi întreaga (cubulețe )?,38,https://www.youtube.com/watch?v=nigSWLQRwp4
"Yummy!!! Eşti genială, Jamila!",30,https://www.youtube.com/watch?v=nigSWLQRwp4
arata senzational si azi neaparat trebuie sa le incerc,54,https://www.youtube.com/watch?v=nigSWLQRwp4
cuptoru il aprind si de sus si de jos??,39,https://www.youtube.com/watch?v=nigSWLQRwp4
"Buna, se pot compara cu un chec la consistenta si gust? Mulțumesc",65,https://www.youtube.com/watch?v=nigSWLQRwp4
😋😋😋😋😋😋😋 Cum se face un desen de milă de copii să îmi spui să faci video eu mă uit like si mai mult,98,https://www.youtube.com/watch?v=nigSWLQRwp4
Super,5,https://www.youtube.com/watch?v=nigSWLQRwp4
la mine s-a primit,18,https://www.youtube.com/watch?v=nigSWLQRwp4
bravo,5,https://www.youtube.com/watch?v=nigSWLQRwp4
Din pacate mama mea nu este prea priceputa in bucatarie :(,58,https://www.youtube.com/watch?v=nigSWLQRwp4
Mie nu mi.au iesit! Mi.au esit tari ca biscuitele şi nici nu au crescut! Ajuta.ma te rog! Am facut ceva rău?? Am uitat să pun ceva?,131,https://www.youtube.com/watch?v=nigSWLQRwp4
"Jamila,cum ai facut linile alea pe celelalte gogosi?",52,https://www.youtube.com/watch?v=nigSWLQRwp4
Merg facute si la cuptor microunde,34,https://www.youtube.com/watch?v=nigSWLQRwp4
cat timp trebuie sa stee laptele cu drojdia ca sa se ridice?,60,https://www.youtube.com/watch?v=nigSWLQRwp4
Am mâncat așa gogoși din lidl,29,https://www.youtube.com/watch?v=nigSWLQRwp4
Nu au iesit si am facut lafel cu mama,37,https://www.youtube.com/watch?v=nigSWLQRwp4
jamila leam încercat sunt foarte bune,37,https://www.youtube.com/watch?v=nigSWLQRwp4
yumm ! ^^,9,https://www.youtube.com/watch?v=nigSWLQRwp4
😗😗😗😗💎💎,6,https://www.youtube.com/watch?v=nigSWLQRwp4
Buna jamila pot folosi drojdie proaspata,40,https://www.youtube.com/watch?v=nigSWLQRwp4
"How are you












You are a big food star",47,https://www.youtube.com/watch?v=nigSWLQRwp4
hello,5,https://www.youtube.com/watch?v=nigSWLQRwp4
Astăzi voi face și eu,21,https://www.youtube.com/watch?v=nigSWLQRwp4
O reteta usor de facut.si súper bune,36,https://www.youtube.com/watch?v=nigSWLQRwp4
Mie niciodată nu îmi crește drojdia :( nu înțeleg de ce 😭,57,https://www.youtube.com/watch?v=nigSWLQRwp4
"ast cu nerabdare clipurile tale,mereu super deliciose ca si acesta",66,https://www.youtube.com/watch?v=nigSWLQRwp4
De unde cumperi ciocolata??,27,https://www.youtube.com/watch?v=nigSWLQRwp4
Ce fain arata,13,https://www.youtube.com/watch?v=nigSWLQRwp4
am încercat și eu să fac rețea și mia iesit,43,https://www.youtube.com/watch?v=nigSWLQRwp4
pot folosi in loc de lapte pt drojdie ..apa??,45,https://www.youtube.com/watch?v=nigSWLQRwp4
🍩🍩🍩🍩🍩🍩,6,https://www.youtube.com/watch?v=nigSWLQRwp4
Wow am nicercat și a fost foarte gustoase👍👍👍👍,45,https://www.youtube.com/watch?v=nigSWLQRwp4
"Jamaila ia scrie pe Youtube howtobasic acolo e un canal de youtube cu ,,mâncare adevărata''!!!!",95,https://www.youtube.com/watch?v=nigSWLQRwp4
Coaja de la lămâie e toxica daca nu știai!!,43,https://www.youtube.com/watch?v=nigSWLQRwp4
Sunteti foarte tare mi-au iesit niste gogosi foarte bune,56,https://www.youtube.com/watch?v=nigSWLQRwp4
Super tare,10,https://www.youtube.com/watch?v=nigSWLQRwp4
e neaparat sa punem coaja de lamaie sau e la alegere ca eu nu vreau sa le pun,77,https://www.youtube.com/watch?v=nigSWLQRwp4
@JamilaCuisine E aceeași rețeta ca la sfinți ?,46,https://www.youtube.com/watch?v=nigSWLQRwp4
Ești cea mai buna bucătăreasă 😍,31,https://www.youtube.com/watch?v=nigSWLQRwp4
Super te mai astaptam cu noi retete,35,https://www.youtube.com/watch?v=nigSWLQRwp4
Sunt perfecte,13,https://www.youtube.com/watch?v=nigSWLQRwp4
Îmi place aceasta reteta,24,https://www.youtube.com/watch?v=nigSWLQRwp4
trebuie neaapart intr un bol?,29,https://www.youtube.com/watch?v=nigSWLQRwp4
Toate rețetele tale sunt delicioasae  dar aceasta este cea mai bună. ❤❤❤,72,https://www.youtube.com/watch?v=nigSWLQRwp4
Le-am făcut și eu exact după rețetă și au ieșit delicioooooase!♡,64,https://www.youtube.com/watch?v=nigSWLQRwp4
Foarte tare mi a iesit perfect:)),33,https://www.youtube.com/watch?v=nigSWLQRwp4
Se poate face de post?,22,https://www.youtube.com/watch?v=nigSWLQRwp4
cum te numesti,14,https://www.youtube.com/watch?v=nigSWLQRwp4
cum te numesti,14,https://www.youtube.com/watch?v=nigSWLQRwp4
jamila imi poti da niste idei de mancare in care sa contina homar,65,https://www.youtube.com/watch?v=nigSWLQRwp4
pot inlocui laptele cu apa,26,https://www.youtube.com/watch?v=nigSWLQRwp4
Esti o bucatareasa minunata,27,https://www.youtube.com/watch?v=nigSWLQRwp4
daca nu avem grata ce sa pun gogoșile? ?,40,https://www.youtube.com/watch?v=nigSWLQRwp4
O prăjitură cartof faci și tu?,30,https://www.youtube.com/watch?v=nigSWLQRwp4
Cu drojdie normala,18,https://www.youtube.com/watch?v=nigSWLQRwp4
Uau,3,https://www.youtube.com/watch?v=nigSWLQRwp4
Care e secretul mâncării reușite,32,https://www.youtube.com/watch?v=nigSWLQRwp4
Totusi tot gogosi se intelege =),32,https://www.youtube.com/watch?v=nigSWLQRwp4
Esti super tare,15,https://www.youtube.com/watch?v=nigSWLQRwp4
Eu am făcut o  dată rețeta  asta. Și a fost  foarte gustos,58,https://www.youtube.com/watch?v=nigSWLQRwp4
Îmi place forte mult reteta ai talent,37,https://www.youtube.com/watch?v=nigSWLQRwp4
de unde ei retetele? jamila îmi plac foarte mult retetele,57,https://www.youtube.com/watch?v=nigSWLQRwp4
"Jam, acum ma apuc sa le fac...iti las un feedback care sigur va fi pozitiv pentru ca nu a fost reteta de-a ta care sa nu imi iasa...",132,https://www.youtube.com/watch?v=nigSWLQRwp4
JemilaCuisine de unde ai luat ciocolata?,40,https://www.youtube.com/watch?v=nigSWLQRwp4
jamila mulțumesc pt tot ce mai învățat să gătesc te iubesc,58,https://www.youtube.com/watch?v=nigSWLQRwp4
Sunt incredibil de delicioase!Felicitări,40,https://www.youtube.com/watch?v=nigSWLQRwp4
Câte gogoși ti au ieșit???,26,https://www.youtube.com/watch?v=nigSWLQRwp4
Arată bine aceste gogoși💖,25,https://www.youtube.com/watch?v=nigSWLQRwp4
Cate bucati es,14,https://www.youtube.com/watch?v=nigSWLQRwp4
As putea pune drojdie naturala in loc de uscata?,48,https://www.youtube.com/watch?v=nigSWLQRwp4
Superbe . si presupun super bune .! 😍😍😍,39,https://www.youtube.com/watch?v=nigSWLQRwp4
esti  foarte talentata,22,https://www.youtube.com/watch?v=nigSWLQRwp4
it looks yummy. can you translate it to English please.,55,https://www.youtube.com/watch?v=nigSWLQRwp4
ce bine arata,13,https://www.youtube.com/watch?v=nigSWLQRwp4
Par delicioase,14,https://www.youtube.com/watch?v=nigSWLQRwp4
Dar cu bagi ciocolata în ele ? Mie asa îmi plac,47,https://www.youtube.com/watch?v=nigSWLQRwp4
foarte tare,11,https://www.youtube.com/watch?v=nigSWLQRwp4
Te atmir Jamila deja te urmaresc de vreo 2  ani esti Extraordinara :-*,70,https://www.youtube.com/watch?v=nigSWLQRwp4
Să nu te lași de vlog,21,https://www.youtube.com/watch?v=nigSWLQRwp4
"si eu o sa incerc. imi place canalul dumneavoastra deoarece aratati pas cu pas retetele ,si chiar daca am numai 15 ani si sunt incepatoare, pot gati cu usurinta",160,https://www.youtube.com/watch?v=nigSWLQRwp4
cum ai facut modelul acela.....nu cu ornamente cu linii....dungi??😊😊,68,https://www.youtube.com/watch?v=nigSWLQRwp4
jamila esti extraordinara.Am facut multe retete de la tine.,59,https://www.youtube.com/watch?v=nigSWLQRwp4
jamila in loc de unt ce pot sa pun?,35,https://www.youtube.com/watch?v=nigSWLQRwp4
interesant chiar am sa incerc diseara *:sper sa iasa exact k tinee,66,https://www.youtube.com/watch?v=nigSWLQRwp4
iam,3,https://www.youtube.com/watch?v=nigSWLQRwp4
Uf ce bine arata  !!!,21,https://www.youtube.com/watch?v=nigSWLQRwp4
In loc de unt pot pune altceva ?,32,https://www.youtube.com/watch?v=nigSWLQRwp4
foarte uspr si gustos,21,https://www.youtube.com/watch?v=nigSWLQRwp4
Mama ce gustoasa a fost,23,https://www.youtube.com/watch?v=nigSWLQRwp4
untul poate avea mai putina grasime,35,https://www.youtube.com/watch?v=nigSWLQRwp4
iam spus la mama si va face😀 si daca nu uit i arat reteta,57,https://www.youtube.com/watch?v=nigSWLQRwp4
de ce jos scrie in engleza,26,https://www.youtube.com/watch?v=nigSWLQRwp4
Esti foarte talentata si sa mai faci retete de gatit,52,https://www.youtube.com/watch?v=nigSWLQRwp4
Erau foarte bune,16,https://www.youtube.com/watch?v=nigSWLQRwp4
Multumim Jamilia de aceasta reteta a fost foarte gudtoasa🤗🎒🎒🎒🎒🎒,63,https://www.youtube.com/watch?v=nigSWLQRwp4
Ești suuuuuuuuuuuuuuuuuuuuuuuuuuuuuuuuuuuuper si ai niste rețete incredibile,76,https://www.youtube.com/watch?v=nigSWLQRwp4
Vom avea nevoie decât de ciocolată....???,41,https://www.youtube.com/watch?v=nigSWLQRwp4
De ce imi ies foarte tari si cu gust de covrigi ?? Am făcut reteta de 2 ori si am respectat-o,93,https://www.youtube.com/watch?v=nigSWLQRwp4
O,1,https://www.youtube.com/watch?v=nigSWLQRwp4
pot sa folosesc ciocolata în tablete,36,https://www.youtube.com/watch?v=nigSWLQRwp4
pot sa musc din tableta ????,28,https://www.youtube.com/watch?v=nigSWLQRwp4
Îmi lasa gura apa,17,https://www.youtube.com/watch?v=nigSWLQRwp4
Cate gogoși ies din aceasta compoziție??,40,https://www.youtube.com/watch?v=nigSWLQRwp4
a folosit cineva drojdie prospata?,34,https://www.youtube.com/watch?v=nigSWLQRwp4
Sydd,4,https://www.youtube.com/watch?v=nigSWLQRwp4
"imi puteti spune, va rog frumos, de unde cumparati ciocolata care o topiti?",75,https://www.youtube.com/watch?v=nigSWLQRwp4
pot sa pun drojdie proaspata???,31,https://www.youtube.com/watch?v=nigSWLQRwp4
Unt nu pui in ciocolata?,24,https://www.youtube.com/watch?v=nigSWLQRwp4
"Dear Jamila, just made the doughnuts following your recipe. As you suggested I substituted vanilla sugar with 1 tbsp vanilla extract. They are so tasty and look wonderful.",171,https://www.youtube.com/watch?v=nigSWLQRwp4
Wow WOW meriti din plin un LIKE pt gogoși 😍😍😍😘,46,https://www.youtube.com/watch?v=nigSWLQRwp4
cum de nu se lipeste ciocolata de bol? mie mi sa lipit,54,https://www.youtube.com/watch?v=nigSWLQRwp4
Bună eu chiar astăzi am făcut cu mama mea aceste gogoși și au ieșit foarte bune și aratoase,91,https://www.youtube.com/watch?v=nigSWLQRwp4
Am  incercat   rețeta  e  foarte   buna,39,https://www.youtube.com/watch?v=nigSWLQRwp4
pot folosi praf de copt in loc de drojdie??,43,https://www.youtube.com/watch?v=nigSWLQRwp4
oare in cat timp se dubleaza volumul aluatului? cred ca mereu le las prea putin,79,https://www.youtube.com/watch?v=nigSWLQRwp4
Frate se scrie DONUTS nu doughnuts. M am uitat si in comentarii da nu toate ca is vreo 800 si pana acm vad ca nimeni nu a zis nimic de asta....,143,https://www.youtube.com/watch?v=nigSWLQRwp4
trebuie naparat coaja de lamaie?,32,https://www.youtube.com/watch?v=nigSWLQRwp4
In loc de drojdie se poate folosi praf de copt?,47,https://www.youtube.com/watch?v=nigSWLQRwp4
cintari cresne,14,https://www.youtube.com/watch?v=nigSWLQRwp4
Abia astept sa le fac! Sotul meu e mare fan gogosi. Am incercat multe retete de pe canalul tau si au fost tare apreciate.,121,https://www.youtube.com/watch?v=nigSWLQRwp4
Zici că sunt gogoșile de la Lidl :),35,https://www.youtube.com/watch?v=nigSWLQRwp4
iami,4,https://www.youtube.com/watch?v=nigSWLQRwp4
a și vreau să fac și eu asta după tine,38,https://www.youtube.com/watch?v=nigSWLQRwp4
Trebuie neaparat sa pui coaja de lamaie sau este optional?,58,https://www.youtube.com/watch?v=nigSWLQRwp4
Ok.Mersi.,9,https://www.youtube.com/watch?v=nigSWLQRwp4
te descurci super tine-o tot asa,32,https://www.youtube.com/watch?v=nigSWLQRwp4
De unde cumperi ciocolata în forma aia?,39,https://www.youtube.com/watch?v=nigSWLQRwp4
de ce sarea e roz??😊,20,https://www.youtube.com/watch?v=nigSWLQRwp4
MAMA MEA  TE URMĂREȘTE,22,https://www.youtube.com/watch?v=nigSWLQRwp4
"Vai, ce bine arată!  De neratat!",32,https://www.youtube.com/watch?v=nigSWLQRwp4
cat de tare,11,https://www.youtube.com/watch?v=nigSWLQRwp4
"Are gust de gogoși sau aduce cu gustul de cozonac, dat fiind faptul că sunt făcute la cuptor???",95,https://www.youtube.com/watch?v=nigSWLQRwp4
Multumesc mult ia. reusit mamei si sunt foarte bune!!,53,https://www.youtube.com/watch?v=nigSWLQRwp4
"einfach nur toll
schade aber...verstehe gar nichts.. rezept auf deutsch? 😧😥",75,https://www.youtube.com/watch?v=nigSWLQRwp4
Parca le-ai cumparat,20,https://www.youtube.com/watch?v=nigSWLQRwp4
😛😋,2,https://www.youtube.com/watch?v=nigSWLQRwp4
"Buna, nu se pot face pufoase? Par putin cam tari.",49,https://www.youtube.com/watch?v=nigSWLQRwp4
"Jamila pot folosi in loc de coaja de lamaie ,coaja de portocala?❤❤❤❤❤💗💗💗💗💗💓💓💓💕💕💕💖💖💖💞💞💞💞💋💋💋💋💋😉😉😉😉💐💐💐🌷🌷🌷🌹🌹🌹🌺🌺🌺🌻🌻🌻🌹🌹🌹🌼🌼🌼🌼💝💝💝💝",122,https://www.youtube.com/watch?v=nigSWLQRwp4
Multe rețete frumoase și delicioase ! Yummy ! 😊✌,48,https://www.youtube.com/watch?v=nigSWLQRwp4
Am adăugat un playlist nou (rețete jamila ),43,https://www.youtube.com/watch?v=nigSWLQRwp4
Mie mia mers sunt foarte gustoase,33,https://www.youtube.com/watch?v=nigSWLQRwp4
Sau primit minunat! Mulțumesc de rețetă!❤️,42,https://www.youtube.com/watch?v=nigSWLQRwp4
@jamila o întrebare : dacă nu avem lapte ...Cu ce putem înlocui? 😍😉,67,https://www.youtube.com/watch?v=nigSWLQRwp4
Și mie în facem costum 🤤🤤🤤🤤👍👍👍,30,https://www.youtube.com/watch?v=nigSWLQRwp4
"+JamilaCuisine voi incerca aceasta reteta maine, sunt sigura ca gogosile vor iesi delicios, imi plac clipurile dumneavoastra.",125,https://www.youtube.com/watch?v=nigSWLQRwp4
C-am cat timp durează sa se dubleze aluatul ?,45,https://www.youtube.com/watch?v=nigSWLQRwp4
🤤🤤🤤 bun bun 🤤🤤🤤,15,https://www.youtube.com/watch?v=nigSWLQRwp4
80. LSUTĂ,9,https://www.youtube.com/watch?v=nigSWLQRwp4
"Hmmmmm....Le-am încercat și eu, chiar ieri și au ieșit foarte gustoase, încă mai am! L",86,https://www.youtube.com/watch?v=nigSWLQRwp4
Se poate cu drojdie normala??,29,https://www.youtube.com/watch?v=nigSWLQRwp4
Se coc la cuptor electric sau aragaz?,37,https://www.youtube.com/watch?v=nigSWLQRwp4
Cate gogosi ies,15,https://www.youtube.com/watch?v=nigSWLQRwp4
superrrrrrrrr,13,https://www.youtube.com/watch?v=nigSWLQRwp4
"In loc de drojdie uscata, pot folosi proaspata? 😘💋",50,https://www.youtube.com/watch?v=nigSWLQRwp4
este cred foarte gustoase te rog mai faci unele pentrucă arata bine mi-a plăcut videoclipul 🌹,93,https://www.youtube.com/watch?v=nigSWLQRwp4
super,5,https://www.youtube.com/watch?v=nigSWLQRwp4
"Intr-adevar, retetele sunt full-proof. Repetabile, absolut delicioase, nici macar nu trebuie respectate exact cantitatile sugerate.  Super",138,https://www.youtube.com/watch?v=nigSWLQRwp4
buna jamila ciocolata tableta se poate folosi ?,47,https://www.youtube.com/watch?v=nigSWLQRwp4
câte a ieșit,12,https://www.youtube.com/watch?v=nigSWLQRwp4
Mersi,5,https://www.youtube.com/watch?v=nigSWLQRwp4
jamila cei acre iti dau dislike eunt prosti ca esti cea mai buna din lume,73,https://www.youtube.com/watch?v=nigSWLQRwp4
laptele trebuie sa fie numaidecît caldut?? sau se poate rece?,61,https://www.youtube.com/watch?v=nigSWLQRwp4
Ce tareeeeee,12,https://www.youtube.com/watch?v=nigSWLQRwp4
Tu chiar meriti sa te duci la MasterGhef si nu te miiint . Deoarece tu esti foooooooaaaaaaarrrrrttteeeeeee talentataaa nu cred ca am mai vazut o femeie ca tine in viata meeeea ! ESTI DUPERBA !,192,https://www.youtube.com/watch?v=nigSWLQRwp4
se poate si cu ulei in loc de unt?,34,https://www.youtube.com/watch?v=nigSWLQRwp4
Arată super gustoase acele gogoşi Jamila!,41,https://www.youtube.com/watch?v=nigSWLQRwp4
Sunt donuts preferati fetei mei.😊😊,34,https://www.youtube.com/watch?v=nigSWLQRwp4
Se poate omite sau inlocui untul?,33,https://www.youtube.com/watch?v=nigSWLQRwp4
Me pasen la receta en español de favor y que lo cocina en el horno?,67,https://www.youtube.com/watch?v=nigSWLQRwp4
excelent bravo,14,https://www.youtube.com/watch?v=nigSWLQRwp4
"Daca poti raspunde, ca alt fel de drojdie se poate folosi, si ce cantitate?",75,https://www.youtube.com/watch?v=nigSWLQRwp4
undel lucrezi?,14,https://www.youtube.com/watch?v=nigSWLQRwp4
pot folosi un cub de drojdie?,29,https://www.youtube.com/watch?v=nigSWLQRwp4
Pot sa înlocuiesc zaharul vanilat cu o esență de vanilie ?,58,https://www.youtube.com/watch?v=nigSWLQRwp4
Nu se chiana rotitor si facalet,31,https://www.youtube.com/watch?v=nigSWLQRwp4
Imi place cum gatesti!!!ai un nou abonat 🙄🙄🙄,44,https://www.youtube.com/watch?v=nigSWLQRwp4
se poate inlocui drojdia cu praful de copt?,43,https://www.youtube.com/watch?v=nigSWLQRwp4
e neapărat să fie fulgi de ciocolata?,37,https://www.youtube.com/watch?v=nigSWLQRwp4
Jamilia trebuie unt neaparat,28,https://www.youtube.com/watch?v=nigSWLQRwp4
"ce fel de drojdie folosesti? eu am pus doctor oetker  praf , si nu mi s a amestecat cu laptele. s a strans cocoloase si s a lipit de marginea vasului??",151,https://www.youtube.com/watch?v=nigSWLQRwp4
esti geniala,12,https://www.youtube.com/watch?v=nigSWLQRwp4
E obligatoriu  coaja  de lămâie?,32,https://www.youtube.com/watch?v=nigSWLQRwp4
Au iesit minunate,17,https://www.youtube.com/watch?v=nigSWLQRwp4
Super    fain😀😀😇😇,17,https://www.youtube.com/watch?v=nigSWLQRwp4
Se poate fara ou?,17,https://www.youtube.com/watch?v=nigSWLQRwp4
"Jamila,iti spun sincer,nu credeam ca niste gogosi pot arata atat de bine,fara a fi prajite.",91,https://www.youtube.com/watch?v=nigSWLQRwp4
Putem folosi si ciocolata poiana ??,35,https://www.youtube.com/watch?v=nigSWLQRwp4
Incearca sa faci o ciocolata de casa,36,https://www.youtube.com/watch?v=nigSWLQRwp4
"Salut. Am incercat sa fac acesti gogoși insa din pacate nu s-au primit. S-au primit cam tari, adica eu ma asteptam ca sa se primeasca moi si pufosi asa ca in video. Poate cineva sa ma ajute? 
Poate cineva stie care e cauza?
Va rog foarte mult❤",243,https://www.youtube.com/watch?v=nigSWLQRwp4
"Buna Jamila, imi poti spune te rog unde pot găsi fulgii de ciocolata? Am căutat prin supermarketuri si nu am dat de ei 😂",120,https://www.youtube.com/watch?v=nigSWLQRwp4
I would like you pass the recipe for me to translate Portuguese,63,https://www.youtube.com/watch?v=nigSWLQRwp4
nu creste drojdia..,19,https://www.youtube.com/watch?v=nigSWLQRwp4
am încercat si au ieșit delicioase ☺,36,https://www.youtube.com/watch?v=nigSWLQRwp4
"mie nu imi creste laptele cu praful de drojdie , ce pot face?",61,https://www.youtube.com/watch?v=nigSWLQRwp4
pot omite coaja de lamaie?,26,https://www.youtube.com/watch?v=nigSWLQRwp4
Cam cate gogosi au ieșit.......cu aproximație,45,https://www.youtube.com/watch?v=nigSWLQRwp4
o sa incerc si eu!🍮,19,https://www.youtube.com/watch?v=nigSWLQRwp4
merge si drojdie cub,20,https://www.youtube.com/watch?v=nigSWLQRwp4
Am încercat și eu și au ieșit super!😘😘,38,https://www.youtube.com/watch?v=nigSWLQRwp4
putem pune apă in loc de lapte,30,https://www.youtube.com/watch?v=nigSWLQRwp4
se poate folosi si unt cu mai putina grasime?,45,https://www.youtube.com/watch?v=nigSWLQRwp4
Sa ars,6,https://www.youtube.com/watch?v=nigSWLQRwp4
"Maine fac numaidecat,desi is la dieta,dar gust!!! Hihihi",56,https://www.youtube.com/watch?v=nigSWLQRwp4
jamila pune si tu o reteta cu peste cod,39,https://www.youtube.com/watch?v=nigSWLQRwp4
Ai putea sa te inscri la MasterChef 🍩🍩🍩🍩,40,https://www.youtube.com/watch?v=nigSWLQRwp4
Ale mele au iesit cu  gust de paine,35,https://www.youtube.com/watch?v=nigSWLQRwp4
Cate gogosi au iesit in total?,30,https://www.youtube.com/watch?v=nigSWLQRwp4
"am încercat și au iesit gustoase     
Mult noroc",48,https://www.youtube.com/watch?v=nigSWLQRwp4
pot omite coaja de lămâie?,26,https://www.youtube.com/watch?v=nigSWLQRwp4
Nu știu dacă,12,https://www.youtube.com/watch?v=nigSWLQRwp4
"am o intrebare:Participi la ,,Bake of Romania??""",48,https://www.youtube.com/watch?v=nigSWLQRwp4
Papanasi,8,https://www.youtube.com/watch?v=nigSWLQRwp4
oau,3,https://www.youtube.com/watch?v=nigSWLQRwp4
Dar se baga la cuptor la foc mediu sau ..?,42,https://www.youtube.com/watch?v=nigSWLQRwp4
Mi reușit că la dumneavoastră,29,https://www.youtube.com/watch?v=nigSWLQRwp4
esti  minunata !!,17,https://www.youtube.com/watch?v=nigSWLQRwp4
Jamila nu am gasit la mine in oras ciocolata d'aia cum ai tu pot sa pun si altceva te rog raspunde-mi,101,https://www.youtube.com/watch?v=nigSWLQRwp4
Pot sa nu folosesc coaja de lămâie?,35,https://www.youtube.com/watch?v=nigSWLQRwp4
Nu sunt bune...au gust de pâine 🤢,33,https://www.youtube.com/watch?v=nigSWLQRwp4
Pot folosi in loc de coaja de lamaie esenta de lamaie???,56,https://www.youtube.com/watch?v=nigSWLQRwp4
daca avem doar drojdie la cub e problema si cate grame trebuie sa pun?,70,https://www.youtube.com/watch?v=nigSWLQRwp4
Wow căt de delicios arată yummy! 😊😊😊😀😀😀😀 VREAU SI EU MAI ALES CU CIOCOLATĂ!!!!!!!! ITI DAU NOTA 100000 SI 100000 DE STELE 💯👑✔✔✔✔,128,https://www.youtube.com/watch?v=nigSWLQRwp4
alguien me lo traduce a espaÑOL???!!!,37,https://www.youtube.com/watch?v=nigSWLQRwp4
Jamila fa prăjitură în stil minecraft,37,https://www.youtube.com/watch?v=nigSWLQRwp4
Au ieșit biscuiti,17,https://www.youtube.com/watch?v=nigSWLQRwp4
+JamilaCuisine cam câte gogoși au ieșit?,40,https://www.youtube.com/watch?v=nigSWLQRwp4
Buna ziua doamnă Jamila.Reteta asta imi place foarte mult.Imi plac foarte mult gogosile,87,https://www.youtube.com/watch?v=nigSWLQRwp4
Pot pune și unt de 65% grăsime?,31,https://www.youtube.com/watch?v=nigSWLQRwp4
LAPTELE ESTE OBLIGATORIU NU SE POATE INLOCUI CU APA?,52,https://www.youtube.com/watch?v=nigSWLQRwp4
merge si cu ciocolata patratele adica cuburi,44,https://www.youtube.com/watch?v=nigSWLQRwp4
"Buna, Jamila sunt o mare fana, ești extraordinara te ador... Am încercat multe dintre rețetele tale... au ieșit minunate... te pup♡♡♡",133,https://www.youtube.com/watch?v=nigSWLQRwp4
"Nu stiam ca exista gogosi la cuptor , o sa incerc si eu varianta aceasta sanatoasa .Multumesc !",95,https://www.youtube.com/watch?v=nigSWLQRwp4
Si eu am facut gogosi dar nu prea erau pufoase.Cumva am pus in aluat prea mult ulei de floarea soarelui?,104,https://www.youtube.com/watch?v=nigSWLQRwp4
"Merge sa pun cicolatele




 la cuptorul cu microunde ?",55,https://www.youtube.com/watch?v=nigSWLQRwp4
in loc de coaja de lamaie as putea pune zeama de la o lamaie?,61,https://www.youtube.com/watch?v=nigSWLQRwp4
Uauuu,5,https://www.youtube.com/watch?v=nigSWLQRwp4
astăzi le-am încercat și noi sunt foarte gustoase!!🍁🍁🎉🎉🍕🍕🍕,58,https://www.youtube.com/watch?v=nigSWLQRwp4
Sarea pe care o folosesti este sare de hmalaya,46,https://www.youtube.com/watch?v=nigSWLQRwp4
"Am încercat drojdia de la diferite firme și nu mi se face spuma, voi ce drojdie ați folosit?",92,https://www.youtube.com/watch?v=nigSWLQRwp4
"Cate gogosi ies din acest aluat?
Multumesc",42,https://www.youtube.com/watch?v=nigSWLQRwp4
este neaparat sa punem coaja de lamaie,38,https://www.youtube.com/watch?v=nigSWLQRwp4
"jamila... pot folosi drojdie proaspata? daca da, ce cantitate?",62,https://www.youtube.com/watch?v=nigSWLQRwp4
chiar acum am fkt gogosile acestea..bineînțeles cu ciocolata alba si cu lapte si sunt absolut delicioase...le puteti lasa si fara ornamente..sau sa va faceti voi ornamentele..doar dati pe razatoare ciocolata si gata..sau puneti bucatele mici de ciocolata...de fructe confiate..sau ce vreti..si GATA...SUNT ABSOLUT DELICIOASE🌸💝MULTUMESC JAMILA CUISINE,350,https://www.youtube.com/watch?v=nigSWLQRwp4
salam je vue bien la recettes an français cvp merci,51,https://www.youtube.com/watch?v=nigSWLQRwp4
"Hmmmmm....Le-am încercat și eu, chiar ieri și au ieșit foarte gustoase, încă mai am!",84,https://www.youtube.com/watch?v=nigSWLQRwp4
"Cuptorul trebuie neaparat preincalzit? 
Nu pot sa le bag direct? :))",68,https://www.youtube.com/watch?v=nigSWLQRwp4
chiar ca are maini  de aur si o voce super explica ft clar si frum,66,https://www.youtube.com/watch?v=nigSWLQRwp4
pot Folosi  doar ciocolata alba,31,https://www.youtube.com/watch?v=nigSWLQRwp4
trebuie neaparat coaja de lamaie,32,https://www.youtube.com/watch?v=nigSWLQRwp4
Pot ca glazura sa folosesc si Nuttella ???,42,https://www.youtube.com/watch?v=nigSWLQRwp4
sânt bâiat,10,https://www.youtube.com/watch?v=nigSWLQRwp4
esti o gospodina de nota 20 respect pentru asta,47,https://www.youtube.com/watch?v=nigSWLQRwp4
"din ce material este bolul în care ai topit ciocolata?,??",57,https://www.youtube.com/watch?v=nigSWLQRwp4
Foarte bune rețetă de gogoși.Sint super bune.Felicitaribpt.rețetele super bune.,79,https://www.youtube.com/watch?v=nigSWLQRwp4
😗😜😋,3,https://www.youtube.com/watch?v=nigSWLQRwp4
"Jamila,cum fac drojdie maruntita?",33,https://www.youtube.com/watch?v=nigSWLQRwp4
Si eu iti multimesc din suflet pt rețetele pe care ni le arăți si vreau sa iti spun ca am încercat multe dintre ele si pt asta vreau sa iti mai multumesc încă o data deoarece m.ai ajutat sa imi scot familia din rutina zilnică în ce priveste mâncarea!,250,https://www.youtube.com/watch?v=nigSWLQRwp4
yummye😍,7,https://www.youtube.com/watch?v=nigSWLQRwp4
Ce gustos arata,15,https://www.youtube.com/watch?v=nigSWLQRwp4
😻💖💖💖 Ce bine arata!!!! Te iubesc Jamila!!!🍴🍷,44,https://www.youtube.com/watch?v=nigSWLQRwp4
"Eu nu înțeleg copii asti-a, de ce dau dislike?......",52,https://www.youtube.com/watch?v=nigSWLQRwp4
Astazi am facut gogosile tale.Au iesit foarte pufoase si frumoase.Retetele tale sunt minunate.😃😘🍩🍩🍩🍩🍩🍩,102,https://www.youtube.com/watch?v=nigSWLQRwp4
pot omite drojdia....?Te rog spune ca da....,44,https://www.youtube.com/watch?v=nigSWLQRwp4
poti sa faci te rog prajitura sah mat?,38,https://www.youtube.com/watch?v=nigSWLQRwp4
naspaăaaaaaaaaaaaawaaaaaaa,26,https://www.youtube.com/watch?v=nigSWLQRwp4
Gogosile arată că alea de la Dunkin din America,47,https://www.youtube.com/watch?v=nigSWLQRwp4
Wow! 😍😍😍😍♥️♥️♥️♥️♥️,19,https://www.youtube.com/watch?v=nigSWLQRwp4
Unde pot găsi acea ciocolata?,29,https://www.youtube.com/watch?v=nigSWLQRwp4
2020? :))),10,https://www.youtube.com/watch?v=nigSWLQRwp4
Sa sti ca in loc de sucitor i se mai spune si facalet!!!Apropo fain clip.Mia placut reteta am incercato a iesit exact ca aletale mai fa retete sunt foarte interesante:),168,https://www.youtube.com/watch?v=nigSWLQRwp4
Fhtjf,5,https://www.youtube.com/watch?v=nigSWLQRwp4
Și eu am încercat și am doar 11 ani și totul a ieșit perfect. Eu le-am făcut cu ocazia zilei mamei mele de naștere și a fost forte mandra de mine .....și mama mea va urmărește cu drag de când i-am spus că această rețetă este făcută de pe acest canal de YouTube și ei vor mărește cu mare drag și de multe ori o ajut să facă și ea câteva rețete 😘😍,345,https://www.youtube.com/watch?v=nigSWLQRwp4
vreau si euuuuuu😋😋😋😺,20,https://www.youtube.com/watch?v=nigSWLQRwp4
Ca si gust sunt bune dar foarte foarte tari.,44,https://www.youtube.com/watch?v=nigSWLQRwp4
"Jamila,daca vrem sa facem o glazura de capsuni cum procedam?",60,https://www.youtube.com/watch?v=nigSWLQRwp4
Buna! Pt o portie mai mica de gogosi cate gr de faina ar trebui?,64,https://www.youtube.com/watch?v=nigSWLQRwp4
oh the famous doughnuts and the secret magic recipe! they look mouthwatering jamila!,84,https://www.youtube.com/watch?v=nigSWLQRwp4
Coaja de lămâie este optional?,30,https://www.youtube.com/watch?v=nigSWLQRwp4
nam acele ingriedente :(((,26,https://www.youtube.com/watch?v=nigSWLQRwp4
ce drojdie foloseşti?,21,https://www.youtube.com/watch?v=nigSWLQRwp4
Pot folosi drojdie proaspata?,29,https://www.youtube.com/watch?v=nigSWLQRwp4
Foarte gustoase! Multumim!,26,https://www.youtube.com/watch?v=nigSWLQRwp4
de unde iei smantana pentru gatit,33,https://www.youtube.com/watch?v=nigSWLQRwp4
"În loc de drojdie, pentru a nu manca aluat de pâine cu glazură de ciocolată, trebuie fie praf de copt, fie bicarbonat de sodiu!",127,https://www.youtube.com/watch?v=nigSWLQRwp4
humm sa a l'aire trop bon 😀👍👍👍👍💟,32,https://www.youtube.com/watch?v=nigSWLQRwp4
Ce gustoase ies preparatele,27,https://www.youtube.com/watch?v=nigSWLQRwp4
wow,3,https://www.youtube.com/watch?v=nigSWLQRwp4
"Eu am incercat , dar. problema este că la fund mi s.au ars , și deasupra erau foarte arse ...",93,https://www.youtube.com/watch?v=nigSWLQRwp4
dute la masterchef,18,https://www.youtube.com/watch?v=nigSWLQRwp4
Daca puneti ciocolata alba si ciocolata cu lapte si iese super bune,67,https://www.youtube.com/watch?v=nigSWLQRwp4
Donuts* nu Doughnuts !,22,https://www.youtube.com/watch?v=nigSWLQRwp4
putem pune si drojdie cubulte??,31,https://www.youtube.com/watch?v=nigSWLQRwp4
Bravo sunteți foarte de ajutor pt oameni!!,42,https://www.youtube.com/watch?v=nigSWLQRwp4
"Bună,te urmăresc de ceva timp și ți-am încercat câteva rețete aceasta mi-a plăcut cel mai mult.....mie din aceași rețetă mi-au ieșit 23 de gogoși mari cat palma și mă mir dar mulțumesc mult de rețetă+că a ieșit multa mai multa cocă că la tine ,apropo am 11 ani..",262,https://www.youtube.com/watch?v=nigSWLQRwp4
Eu cu sora mea mereu spuneam ca vrem sa fi mamica noastra.,58,https://www.youtube.com/watch?v=nigSWLQRwp4
"Da, sunt foarte bune și pufoase. Însă numai cât sunt calde. Mi-au rămas câteva pe a doua zi și s-au întărit destul de mult. La fel am pățit și cu cornurile cu ciocolată/gem. Poate trebuie păstrate într-un anume fel.... Eu am învelit în folie alimentară vasul în care le-am pus.",277,https://www.youtube.com/watch?v=nigSWLQRwp4
super,5,https://www.youtube.com/watch?v=nigSWLQRwp4
"Jamila sunt o mare fana și te urmăresc chiar de la prima rețetă, vreau să te rog din inimă să faci și pentru mine o rețetă spaniolă deșert bineînțeles , pentru ca am nevoie la liceu pentru proiectul de la franceză. Mulțumesc frumos!",232,https://www.youtube.com/watch?v=nigSWLQRwp4
Looks yumii!,12,https://www.youtube.com/watch?v=nigSWLQRwp4
"buna jamila poți face și  baclava ( prăjitură), turceasca",57,https://www.youtube.com/watch?v=nigSWLQRwp4
"Mie mi-au iesit foarte tari gogosile (si mult mai putin apetisante decat arata in video). Singura diferenta a fost ca eu le-am racit rapid (le-am scos pe pervaz) pentru ca ma grabeam. Cum pot face sa fie mai pufoase, ca cele din comert ?",237,https://www.youtube.com/watch?v=nigSWLQRwp4
"Buna , +JamilaCuisine . In primul rand as dori sa iti spum ca te apreciez foarte mult , chiar daca este prima data cand indraznesc sa comentez la unul din videoclipurile tale . Ador retele tale si mereu incerc sa le fac ! Mi-as dori sa umplu aceste gogosi cu ciocolata . Cum as putea sa procedez ? 
Multumesc anticipat :* ! Sa ai o zi buna !",341,https://www.youtube.com/watch?v=nigSWLQRwp4
se poate cu alte forme si sa nu le fac em gaura in jumate.?.????,64,https://www.youtube.com/watch?v=nigSWLQRwp4
mi sa făcut gura apă când am văzut asta,39,https://www.youtube.com/watch?v=nigSWLQRwp4
"Sunt FOARTE bune! Mulțumim Jamila pentru rețetele delicioase! Eu azi am făcut , a fost foarte simplu.",101,https://www.youtube.com/watch?v=nigSWLQRwp4
se aproprie ziua unei colege si ii plac foarte mult aceste gogosi. Ii voi face un mic cosulet cu ele + cadoul cumplarat si se va bucura. Multumesc pentru idee. Si deabea astept sa le fac si pentru mine si familia mea,216,https://www.youtube.com/watch?v=nigSWLQRwp4
"Nu stiu ce am facut gresit.... chiar nu stiu??!!! Am respectat intocmai reteta, dar nu au nici gust si nu sunt deloc pufoase ca ale tale :(.... poate am intins foaia prea mult.... chiar nu stiu!!! Am incercat si papanasii.... aceeasi problema :(",245,https://www.youtube.com/watch?v=nigSWLQRwp4
poți face un video cu astfel de gogoși dar si cu umplutura de ciocolată inauntru,80,https://www.youtube.com/watch?v=nigSWLQRwp4
Waa,3,https://www.youtube.com/watch?v=nigSWLQRwp4
"O sa o incerc si eu.Pare delicios.Dar,daca vrem sa facem de capsuni,ce punem?",77,https://www.youtube.com/watch?v=nigSWLQRwp4
"Vezi ca tia crescut canalul
Mai bine fă si tu un efort si editează lista de ingrediente",87,https://www.youtube.com/watch?v=nigSWLQRwp4
jamila de unde cumperi cipsurile de ciovolata si la ce pret se gasesc ? dar formele ?,85,https://www.youtube.com/watch?v=nigSWLQRwp4
dar in loc de z ahar vanilat putem sa punem esenta de vanilie sau doar zahar,76,https://www.youtube.com/watch?v=nigSWLQRwp4
"Buna Jamila!Ma numesc Cosmin,am 16 ani si vreau sa imi surprind parintii cu o reteta de mancare.Poti sa faci un video in care sa prepari un fel de mancare care nu implica cuptor sau aragaz....LY💙💙💙💙💙",199,https://www.youtube.com/watch?v=nigSWLQRwp4
De ce bagi mainele nespalate in aluat? Un profesor trebuie sa fie un exemplu!!!!!!!!!!,86,https://www.youtube.com/watch?v=nigSWLQRwp4
Esti cea mai tare bucatareasa,29,https://www.youtube.com/watch?v=nigSWLQRwp4
if the milk mixture never become creamy with yeast then it is fine or anything wrong with it and I can't use that mixture? please tell me urgent.,145,https://www.youtube.com/watch?v=nigSWLQRwp4
JamilaCuisine Cine ar da dislike la asa ceva Super Succes,57,https://www.youtube.com/watch?v=nigSWLQRwp4
They look so so so yummy!!!!!,29,https://www.youtube.com/watch?v=nigSWLQRwp4
cît de bine arată du-te la șef la cuțite,40,https://www.youtube.com/watch?v=nigSWLQRwp4
"Buna Jamila, as dori sa stiu daca la cuptorul electric , cu ventilatie, trebuie 170 de grade ? Multumesc frumos !",113,https://www.youtube.com/watch?v=nigSWLQRwp4
"felicitări pentru toate rețetele , am incercat și Sachertorte pt o ocazie și mi -a ieșit bun, dar și alte rețete. Multe idei utile și rețete delicioase  !",154,https://www.youtube.com/watch?v=nigSWLQRwp4
De unde putem lua drojdie pudra?Eu am doar bucata,49,https://www.youtube.com/watch?v=nigSWLQRwp4
Buna. Mai pui ceva in ciocolata ca sa nu se intareasca ? Eu de fiecare daca cand topesc ciocolata se intareste.Multumesc,120,https://www.youtube.com/watch?v=nigSWLQRwp4
"In momentu cand le moi gogosile in ciocolata ..se vede clar cum se prelinge ciocolata ..dar filmuletu e intrerupt si apoi reluat cu gogosi perfecte glazura de ciocolata e perfecta nu se prelinge nici o picatura in jos .😀😀..daca esti invatat cu filmari video si esti putin atentent iti dai seama ca e..un """" pic """" ..fake video.ul tau ..in asa fel sa arate cat mai bine ..😀😀",373,https://www.youtube.com/watch?v=nigSWLQRwp4
Please translate it to english we can't understand,50,https://www.youtube.com/watch?v=nigSWLQRwp4
Ai scris greșit dounuts,23,https://www.youtube.com/watch?v=nigSWLQRwp4
Dute la chef la cutite,22,https://www.youtube.com/watch?v=nigSWLQRwp4
cate bucăți ies? 😘,18,https://www.youtube.com/watch?v=nigSWLQRwp4
Imi place cum gatesti si apreciez efortul depus dar serios nu o m-ai copia pe Adventure Home Cooking!,101,https://www.youtube.com/watch?v=nigSWLQRwp4
super sigur tu ai intrecut alte   canale de gătit😊😙😘,52,https://www.youtube.com/watch?v=nigSWLQRwp4
"Intrebare: Dar nu iasa uscate, adica ca un blat pentru prajituri? Dar la gust cum sunt?
Ideea este buna, mai ales pt mine caci de la cele in ulei am arsuri la stomac si nici nu prea imi plac alimentele uleioase ... sunt daunatoare! o fobie personala",249,https://www.youtube.com/watch?v=nigSWLQRwp4
Whate are the Ingredients needed? write it,42,https://www.youtube.com/watch?v=nigSWLQRwp4
"Pacat de munca depusa, au iesit f tari, reteta de rahat.",56,https://www.youtube.com/watch?v=nigSWLQRwp4
Esti c-ea mai tare la gatit🥙🌯🌮🍔🌭🥪🍟🍕🍝🍩🍪🍰🎂🍪,41,https://www.youtube.com/watch?v=nigSWLQRwp4
jamila la rafaelo putem pune lapte normal?,42,https://www.youtube.com/watch?v=nigSWLQRwp4
