raw text,text_length,source
"Marti, pe 4 februrie, revin cu episodul nr. 2 din aceasta serie. Esti aici?",75,https://www.youtube.com/watch?v=-4NM-ltbHsQ
"Au intrat pe YouTube tutorialele alea bune de Premiere Pro! Bun clip!
Sa-mi dea like la comentariu cine s-a uitat pana la final!",128,https://www.youtube.com/watch?v=-4NM-ltbHsQ
Mulțumim! Așteptăm bazele pt Adobe After Effects și Adobe Audition !  😊,71,https://www.youtube.com/watch?v=-4NM-ltbHsQ
Respect 💜,9,https://www.youtube.com/watch?v=-4NM-ltbHsQ
"Buna treaba, bravo !",20,https://www.youtube.com/watch?v=-4NM-ltbHsQ
"Foarte tare , bravo!!!",22,https://www.youtube.com/watch?v=-4NM-ltbHsQ
"17:38 te-ai dus cu dreapta, ai venit cu stanga",46,https://www.youtube.com/watch?v=-4NM-ltbHsQ
Extrem de util! 👍,17,https://www.youtube.com/watch?v=-4NM-ltbHsQ
"Super bun videoclipul are tot ce vrei informatie explicatie sunet de toate, reeeeespect.",88,https://www.youtube.com/watch?v=-4NM-ltbHsQ
Thanks man! :D,14,https://www.youtube.com/watch?v=-4NM-ltbHsQ
Mersi frate esti foarte tare!,29,https://www.youtube.com/watch?v=-4NM-ltbHsQ
Multumim muuult!!!  <3,22,https://www.youtube.com/watch?v=-4NM-ltbHsQ
hai ca ma minimul la specificati xD,35,https://www.youtube.com/watch?v=-4NM-ltbHsQ
"Lmao, la mine a mers mai bine pe full. Oricum ms. de tutorial, chiar mai ajutat.",80,https://www.youtube.com/watch?v=-4NM-ltbHsQ
mi-a placut ce ai prezentat,27,https://www.youtube.com/watch?v=-4NM-ltbHsQ
frumos explicat,15,https://www.youtube.com/watch?v=-4NM-ltbHsQ
Frumos !! Multumesc ! Am nevoie de asa ceva . Stima si respect :) Sanatate !,76,https://www.youtube.com/watch?v=-4NM-ltbHsQ
"Super work ! Foarte fain canalul, ai un subscribe de la mine ☺️ și continuam seria ! KEEP it up !",97,https://www.youtube.com/watch?v=-4NM-ltbHsQ
Multumesc ma ajuta chiar daca eu vreau sa fac montaje cu jocuri video :D,72,https://www.youtube.com/watch?v=-4NM-ltbHsQ
17:38 nu era vă place camera mea?,33,https://www.youtube.com/watch?v=-4NM-ltbHsQ
13:09! cum ai dat zoom?,23,https://www.youtube.com/watch?v=-4NM-ltbHsQ
Ce calculator ai?,17,https://www.youtube.com/watch?v=-4NM-ltbHsQ
Foarte bun tutorialul! Multumim!,32,https://www.youtube.com/watch?v=-4NM-ltbHsQ
Fix de pe site l-am luat:))),28,https://www.youtube.com/watch?v=-4NM-ltbHsQ
"cu ce pogramm ai filmat la tutrial.
ai filmat cu obs sau",56,https://www.youtube.com/watch?v=-4NM-ltbHsQ
Gabriele bro faci o treaba excelenta. toata stima!,50,https://www.youtube.com/watch?v=-4NM-ltbHsQ
"Mama, profesor sa te faci, sigur vor intelege elevii totul de la dvs !",70,https://www.youtube.com/watch?v=-4NM-ltbHsQ
"Super episoade! 
In curand o sa postez primul video pe canalul meu, realizat cu ajutorul acestor tutoriale si nu numai. 
Iti multumesc pentru ele! 
Spor!",153,https://www.youtube.com/watch?v=-4NM-ltbHsQ
"Exact ce aveam nevoie!
Multumesc mult!!!👏👏👏",43,https://www.youtube.com/watch?v=-4NM-ltbHsQ
felicitari,10,https://www.youtube.com/watch?v=-4NM-ltbHsQ
acum vai face meme uri bune,27,https://www.youtube.com/watch?v=-4NM-ltbHsQ
Foarte fain tutorialul! Câte episoade vor fi în total?,54,https://www.youtube.com/watch?v=-4NM-ltbHsQ
foarte tare esti,16,https://www.youtube.com/watch?v=-4NM-ltbHsQ
Multumesc mult ❤ un om care face munca din placere nu pentru bani! Respect,74,https://www.youtube.com/watch?v=-4NM-ltbHsQ
"Foarte tare,chiar cautam un tutorial bine explicat, si in romana, ca acesta!",76,https://www.youtube.com/watch?v=-4NM-ltbHsQ
17:40(greșeală)ai luat camera in primul cadru cu mâna stângă și în al 2-lea a apărut în mana drepta.,100,https://www.youtube.com/watch?v=-4NM-ltbHsQ
Esti genial si iti multumesc pentru seria asta! :) ma ajuta enorm,65,https://www.youtube.com/watch?v=-4NM-ltbHsQ
"Salut!Pe un laptop Hp de gaming cu un i7 6700hq, un gtx950m 4gb si 8 gb ram DDR3 (vreau sa mai pun o plăcuță de 8) imi sacadează?",129,https://www.youtube.com/watch?v=-4NM-ltbHsQ
62  de mi se vizionări 💪forță💪,30,https://www.youtube.com/watch?v=-4NM-ltbHsQ
Toata stima si respectul pentru munca depusa!!,46,https://www.youtube.com/watch?v=-4NM-ltbHsQ
"Esti un om de nota 100, foarte, foarte tare!! Chiar cautam pe cineva care sa aiba asa stil sa am de unde invata! Respect, jos pălăria!",134,https://www.youtube.com/watch?v=-4NM-ltbHsQ
esti genial,11,https://www.youtube.com/watch?v=-4NM-ltbHsQ
Mersi de tutorial,17,https://www.youtube.com/watch?v=-4NM-ltbHsQ
"Yes! Haha, mersi fain!",22,https://www.youtube.com/watch?v=-4NM-ltbHsQ
Foarte bine prezentat si explicat! Respect!,43,https://www.youtube.com/watch?v=-4NM-ltbHsQ
EU nu pot SA editez CA am 2 monitoare nu unu 🤣🤣🤣,48,https://www.youtube.com/watch?v=-4NM-ltbHsQ
de ce nu explici cum dai zoom?,30,https://www.youtube.com/watch?v=-4NM-ltbHsQ
Esti genial man! Mult succes! Big up!,37,https://www.youtube.com/watch?v=-4NM-ltbHsQ
"Bro, chiar m.au ajutat destul de mult toate cele explicate de tine! #RESPECT!",77,https://www.youtube.com/watch?v=-4NM-ltbHsQ
"wait, ai fost la cursurile CM?",30,https://www.youtube.com/watch?v=-4NM-ltbHsQ
Mi-a placut,11,https://www.youtube.com/watch?v=-4NM-ltbHsQ
Multumesc! chiar cautam un tutorial de genul acesta,51,https://www.youtube.com/watch?v=-4NM-ltbHsQ
Am un i5 8gb ram si grafica e direct de pe procesor. O sa imi mearga?,69,https://www.youtube.com/watch?v=-4NM-ltbHsQ
"Uite că nu mi.a fost lene sa caut (Facebook Emanuel) super clean, profi. Spor!",78,https://www.youtube.com/watch?v=-4NM-ltbHsQ
"superb . Ceva pe intelesul meu. Sper sa ma descurc,daca nu iti las mesaj :D",75,https://www.youtube.com/watch?v=-4NM-ltbHsQ
imi place foarte mult ce faci. felicitari...sper sa continui cu astfel de videouri,82,https://www.youtube.com/watch?v=-4NM-ltbHsQ
super fain! dar oare cum ai dat zoom in timp ce dadeai cut? ca nu stiu cum sa maresc partea unde sunt videourile si audiourile,126,https://www.youtube.com/watch?v=-4NM-ltbHsQ
Ce recomanzi pentru editare Mac sau windows?,44,https://www.youtube.com/watch?v=-4NM-ltbHsQ
"iti multumesc enorm, enorm de mult!",35,https://www.youtube.com/watch?v=-4NM-ltbHsQ
Salut. De ce nu Davinci Resolve? :),35,https://www.youtube.com/watch?v=-4NM-ltbHsQ
i5 2500 10 gb ram si r8 rx390 4 gb duce,39,https://www.youtube.com/watch?v=-4NM-ltbHsQ
Bravo așteptăm și despre Adobe Photoshop  😁💪💪💪,46,https://www.youtube.com/watch?v=-4NM-ltbHsQ
Sunt sigur ca va fi un super tutorial! Up Up! hai cu algoritmul :),66,https://www.youtube.com/watch?v=-4NM-ltbHsQ
"Salut, crezi ca ar fi bun sistemul de GAMING Corvus pentru editare video?",73,https://www.youtube.com/watch?v=-4NM-ltbHsQ
"salut, ar fi interesant sa lasi si clipul de lucru in descriere ca sa exersam pe acelasi material :) In rest respect maxim pt treaba pe care o faci <3",150,https://www.youtube.com/watch?v=-4NM-ltbHsQ
Foarte bună explicație. Mulțumesc,33,https://www.youtube.com/watch?v=-4NM-ltbHsQ
"Multumesc frumos, foarte folositor. M-a ajutat mult!",52,https://www.youtube.com/watch?v=-4NM-ltbHsQ
Skip intro 😴 7:18,17,https://www.youtube.com/watch?v=-4NM-ltbHsQ
"Parca imi vine destul de usor sa invat daca am editat pana acum in vegas, nu?",77,https://www.youtube.com/watch?v=-4NM-ltbHsQ
"Foarte mișto clipul! O întrebare, cu ce ai făcut screen recording? Vad ca apar și tastele folosite, si click-uri marcate la început. Mersi fain!",144,https://www.youtube.com/watch?v=-4NM-ltbHsQ
esti bun omule !,16,https://www.youtube.com/watch?v=-4NM-ltbHsQ
frate am um i3 3.90 ghz si 16 gb ram,36,https://www.youtube.com/watch?v=-4NM-ltbHsQ
13:33 cum dai zoom mai mare ?,29,https://www.youtube.com/watch?v=-4NM-ltbHsQ
foarte tare acest video.,24,https://www.youtube.com/watch?v=-4NM-ltbHsQ
Ft bun clipul...informativ... Felicitări! se poate sa faci un clip video  și cu folosirea  tranzitiilor!,104,https://www.youtube.com/watch?v=-4NM-ltbHsQ
Ms mult!Canalul meu are acum 100 de vizionar zilnic te ador!!!!👏🏻👏🏻👏🏻👍🏻👍🏻,73,https://www.youtube.com/watch?v=-4NM-ltbHsQ
"Noroc! O intrebare daca am filmat si 4k si fullhd, atunci cand fac secventa o fac pe ce format?",95,https://www.youtube.com/watch?v=-4NM-ltbHsQ
"Salut, vreau sa fac filmari pe balta, vreau sa imi iau un aparat sony zv1  este bun pentru ce vreau sa fac?",107,https://www.youtube.com/watch?v=-4NM-ltbHsQ
Salut! Imi poti recomanda si o placa de baza compatibila cu componentele si ce tastatura ai in tutoriala imi place mult asa slim. Multumesc!,140,https://www.youtube.com/watch?v=-4NM-ltbHsQ
Tot respectul meu... >:D<,25,https://www.youtube.com/watch?v=-4NM-ltbHsQ
Poți face episoade cum sa editezi de pe telefon pentru că eu nu am laptop sau calculator,88,https://www.youtube.com/watch?v=-4NM-ltbHsQ
este destul daca am rtx 2070 si i7 10gen si 16 gb,49,https://www.youtube.com/watch?v=-4NM-ltbHsQ
si pt gaming e buna?,20,https://www.youtube.com/watch?v=-4NM-ltbHsQ
"Gg, ba omule! M ai ajutat foarte muuult. Iti multumesc",54,https://www.youtube.com/watch?v=-4NM-ltbHsQ
cel mai bun. de la nimeni nu am inteles un program pana acuma mai bine decat de la tine,87,https://www.youtube.com/watch?v=-4NM-ltbHsQ
daca imi sacadeaza la preview si totusi il salvez o sa mearga tot sacadat?,74,https://www.youtube.com/watch?v=-4NM-ltbHsQ
"De unde pot lua niste video uri ca vreau 
sa incerc sa editez",61,https://www.youtube.com/watch?v=-4NM-ltbHsQ
"Shut up and take my sub! Foarte bun acest tutorial. Ieri m-am uitat la un vlogger care arata cum isi editeaza videoul, dar era un chaos total. Multumita tie nu mai este nevoie sa fiu ""panicat"" cand vine vorba de editare :)) Good job!",233,https://www.youtube.com/watch?v=-4NM-ltbHsQ
Un video blanao ca de obicei👍Eu as vrea sa vad un video in care editezi in ADOBE RUSH.,86,https://www.youtube.com/watch?v=-4NM-ltbHsQ
"Sincer mie îmi place mai mult Davinci resolve. E mai complex, mai bine organizat și e și gratis🙃 Sper că nu mă vei critica pentru asta. E doar opinia mea",153,https://www.youtube.com/watch?v=-4NM-ltbHsQ
"Ar trebui filmat mereu 4k, ca sa poti face crop daca ai nevoie. Iar videoul final e suficient 1080p.",100,https://www.youtube.com/watch?v=-4NM-ltbHsQ
esti tare,9,https://www.youtube.com/watch?v=-4NM-ltbHsQ
"Super👏👏👏 BRAVO !!! 
    La cât mai multe clipuri ! 🎥",52,https://www.youtube.com/watch?v=-4NM-ltbHsQ
De ce ai un content asa bun si doar 600 de likes?,49,https://www.youtube.com/watch?v=-4NM-ltbHsQ
Mersi frate esti foarte tare!,29,https://www.youtube.com/watch?v=-4NM-ltbHsQ
Probabil că sunt singurul căruia i place să exploreze singur ),62,https://www.youtube.com/watch?v=-4NM-ltbHsQ
salut eu primesc o eroare ce pot sa fac?,40,https://www.youtube.com/watch?v=-4NM-ltbHsQ
Premier pro are free-trial?,27,https://www.youtube.com/watch?v=-4NM-ltbHsQ
"Bro, o mica parere, ai facut un intro de vreo 4 minute",54,https://www.youtube.com/watch?v=-4NM-ltbHsQ
18,2,https://www.youtube.com/watch?v=-4NM-ltbHsQ
cum pot salva clipul si sa il pot pune pe yt?,45,https://www.youtube.com/watch?v=-4NM-ltbHsQ
"Ce util, multumesc mult! eu ma chinuiam la zoom out sa tin minte cr valoare initiala aveam la scale si dupa sa revin la ea. sau pozam cu telefonul ecranul laptopului sa imi ramana valorile, in caz ca vreau sa repet mai tarziu zoom si pt ca mi se parea mie ca arata uniform daca merg pe aceleasi valori :))) si keyframes m au terminat psihic pana m am prins care e treaba cu ele :)))",382,https://www.youtube.com/watch?v=-4NM-ltbHsQ
"Foarte tare, big up!",20,https://www.youtube.com/watch?v=-4NM-ltbHsQ
"Salut, am o problema, cand incerc sa importez un clip mai mare(de ex. 3+ gb) primesc not responding si trebuie sa inchid programul fortat... o solutie?",151,https://www.youtube.com/watch?v=-4NM-ltbHsQ
"13:34. Cum dai zoom? Gen, pe ce buton de pe tasta apesi?",56,https://www.youtube.com/watch?v=-4NM-ltbHsQ
"umm, si pe aceasta aplicatie poti sa dai undo? adica daca am sters ceva din greseala, sal readuc inapoi.",104,https://www.youtube.com/watch?v=-4NM-ltbHsQ
"cum dau zoom la scena, nu la clip?",34,https://www.youtube.com/watch?v=-4NM-ltbHsQ
Ce tastatura ai ? E misto ca e micuta,37,https://www.youtube.com/watch?v=-4NM-ltbHsQ
Sunteți genial,14,https://www.youtube.com/watch?v=-4NM-ltbHsQ
"te salut, daca am mai multe cadre la frame rate -uri diferite cce selectez in setari la sequencer?",98,https://www.youtube.com/watch?v=-4NM-ltbHsQ
Super ! Doar ce am cumparat de pe udemy un curs. Astept continuarea cu mare interes,83,https://www.youtube.com/watch?v=-4NM-ltbHsQ
"Foarte interesant, abia astept sa imi fac putin timp sa parcurd toate clipurile. Succes!",88,https://www.youtube.com/watch?v=-4NM-ltbHsQ
Eu am învățat în 2 săptămâni!,29,https://www.youtube.com/watch?v=-4NM-ltbHsQ
Super folositor mersi chiar pit sa invat ceva ce imi place,58,https://www.youtube.com/watch?v=-4NM-ltbHsQ
"Da e bun, Premiere Pro, dar eu am schimbat softul la DaVinci Resolve. E mai ... altfel. Îmi place mai mult. Mai modern.",119,https://www.youtube.com/watch?v=-4NM-ltbHsQ
M-am mai antrenat. Începe să îmi fie din ce în ce mai clar. În curând voi trece la episodul doi! :),99,https://www.youtube.com/watch?v=-4NM-ltbHsQ
imi  este  de  folos  super  tare,33,https://www.youtube.com/watch?v=-4NM-ltbHsQ
Si daca am învațat sa editez si nu sunt vlogger ce oot sa fac cu skillul meu?,77,https://www.youtube.com/watch?v=-4NM-ltbHsQ
multumim mult,13,https://www.youtube.com/watch?v=-4NM-ltbHsQ
"Mulțumesc mult!
Foarte tare!
Ești și amuzant! :)",48,https://www.youtube.com/watch?v=-4NM-ltbHsQ
"Îți mulțumesc foarte mult, ești genial, bafta în continuare și din nou mulțumesc o sa ma ajute foarte mult.",107,https://www.youtube.com/watch?v=-4NM-ltbHsQ
Mi se pare mie sau sunetul nu e sincronizat cu imaginea?,56,https://www.youtube.com/watch?v=-4NM-ltbHsQ
"Cum fac zoom acolo unde ai sunetul de exemplu, ca nu am reușit?",63,https://www.youtube.com/watch?v=-4NM-ltbHsQ
"Cum pot instala Adobe gratis,?",30,https://www.youtube.com/watch?v=-4NM-ltbHsQ
Genial !! Felicitarile mele !,29,https://www.youtube.com/watch?v=-4NM-ltbHsQ
Probabil Proxies apare in celelalte parti.... :),48,https://www.youtube.com/watch?v=-4NM-ltbHsQ
Faci clipuri foarte bune si bine explicate,42,https://www.youtube.com/watch?v=-4NM-ltbHsQ
"Foarte bun tutorialul ,respect maxim !!",39,https://www.youtube.com/watch?v=-4NM-ltbHsQ
Salut ai fi interesat sa imi predai un curs online de editare in adobe premiere pro? Contra cost bineinteles!,109,https://www.youtube.com/watch?v=-4NM-ltbHsQ
"Salut,Gabriel!  Doresc sa fac un INTRO pe care sa-l folosesc la fiecare clip al meu. Cu ce program din Adobe Master  sa incerc sa-l fac?(in genul genericelor de stiri de exeplu)",177,https://www.youtube.com/watch?v=-4NM-ltbHsQ
"Salut! Sunt de pe la inceputul videolui...Este o problema daca am premiere piratat? Adica inca nu sunt major si nu prea imi permit...
EDIT: dupa cateva secunde am vazut ca vorbesti despre progamul piratat...Ai dreptate, oamenii aia care au facut programul au muncit mult! Daca o sa mearga bn vlogul o sa iau programul platit!",325,https://www.youtube.com/watch?v=-4NM-ltbHsQ
Ce PC ai?,9,https://www.youtube.com/watch?v=-4NM-ltbHsQ
Dar cum dai zoom sa vezi mai clar unde tai ?,44,https://www.youtube.com/watch?v=-4NM-ltbHsQ
"Mulțumesc mult pentru tutorial, eu până acum editam în Filmora pentru că Premiere părea foarte complex, mă bucur că te-am găsit, respect pentru ceea ce faci!",157,https://www.youtube.com/watch?v=-4NM-ltbHsQ
sti sa te clonezi in premier pro???eu stiu!,43,https://www.youtube.com/watch?v=-4NM-ltbHsQ
"Salut, nu știi de ce îmi dă eroare, iar tot proiectul se șterge ?  HELP",71,https://www.youtube.com/watch?v=-4NM-ltbHsQ
Ești super! Am cautat în engleza dar înțeleg mai greu cum sa folosesc comenzile. Te caut de o luna!🏆,100,https://www.youtube.com/watch?v=-4NM-ltbHsQ
chear azi mi-am instalat acest program si sincere multumiri!,60,https://www.youtube.com/watch?v=-4NM-ltbHsQ
"perfect, mulțam, vine exact la fix",34,https://www.youtube.com/watch?v=-4NM-ltbHsQ
Când am auzit ca trebuie sa plătesc am și închis videoclipul și am iesit,72,https://www.youtube.com/watch?v=-4NM-ltbHsQ
m-am uitat de 7 ori ca-sa inteleg tot...am inteles ce trebuie sa fac si ce nu..iti multumesc mult...acum voi trece la episodul 2,128,https://www.youtube.com/watch?v=-4NM-ltbHsQ
"A fost foarte util poți face un clip cu numele ""PowerDirector tutorial romania"" ( cel de pe telefon )",101,https://www.youtube.com/watch?v=-4NM-ltbHsQ
"De ce un video filmat pe green screen, în program arata totul ok, pun fundal, dar după ce export si dau play imi pâlpâie imaginea. Am făcut facultatea de jurnalism și am învățat adobe premier foarte bine, dar chiar nu inteleg de ce se intampla asta.",249,https://www.youtube.com/watch?v=-4NM-ltbHsQ
Nu se pote cumpara programul fara sa platesti lunar?,52,https://www.youtube.com/watch?v=-4NM-ltbHsQ
Ce tare esti,12,https://www.youtube.com/watch?v=-4NM-ltbHsQ
dar totusi nam inteles cu ce tasta mutam o jumatate din clip? exemplu: 19:12,76,https://www.youtube.com/watch?v=-4NM-ltbHsQ
Salut Gabriel...am o mica  problema-intrebare..de fiecare data cand ii dau export in premier se restarteaza pc-ul:(( oare ai un sfat? ms fain,141,https://www.youtube.com/watch?v=-4NM-ltbHsQ
"salut,imi poti sugera un laptop bun pentru editare in adobe premier pro de exemplu? sa fie un pret ok decent sa duca editu 2000-3000 de lei?sa se invarta pe acolo",162,https://www.youtube.com/watch?v=-4NM-ltbHsQ
Aplicatia se poate gasi gratis?,31,https://www.youtube.com/watch?v=-4NM-ltbHsQ
Nu înțeleg dc crești greu pe YouTube având in vedere ca ceea ce faci tu este un conținut bun.. Altii fac tâmpenii si au succes.. Se pare ca prostia are prioritate iar lucrurile utile sunt defavorizate..,202,https://www.youtube.com/watch?v=-4NM-ltbHsQ
Salut Gabriel...am o mica  problema-intrebare..de fiecare data cand ii dau export in premier se restarteaza pc-ul:(( oare ai un sfat? ms fain,141,https://www.youtube.com/watch?v=-4NM-ltbHsQ
Oare e mai bun decat adobe premier pro cc ca am auzit ca si acela se foloseste?,79,https://www.youtube.com/watch?v=-4NM-ltbHsQ
"multumesc,sper sa se prinda si de mine ceva",43,https://www.youtube.com/watch?v=-4NM-ltbHsQ
Căutând comentariul ila de hate pentru ca nu ai editat gaming 🤣🤣🤣🤣🤣🤣🤣🤣,70,https://www.youtube.com/watch?v=-4NM-ltbHsQ
pemine nu ma lasa sa dau drag and drop =[[[,43,https://www.youtube.com/watch?v=-4NM-ltbHsQ
Cum dau zoom?,13,https://www.youtube.com/watch?v=-4NM-ltbHsQ
"Super tare. (sunt tatăl Otiliei) Folosesc Adobe-ul Audition pentru radio, iar acum de când cu televiziunea, trebuie să mă învăț să mânuiesc și Premiere-ul! O să mă mai antrenez pe primul curs, pentru că nu mi-au ieșit prea bine poziționările! :)",245,https://www.youtube.com/watch?v=-4NM-ltbHsQ
Salut ce com trebuie sa am pt tutorial premiu pro ??,52,https://www.youtube.com/watch?v=-4NM-ltbHsQ
Merge si ala gratis?,20,https://www.youtube.com/watch?v=-4NM-ltbHsQ
foarte tareeee! chiar este greu sa te inveti singur sa folosesti un program atat de complex! foarte frumos explicat  big like!,126,https://www.youtube.com/watch?v=-4NM-ltbHsQ
Thumbnai urile cu ce le editezi?,32,https://www.youtube.com/watch?v=-4NM-ltbHsQ
Poți să faci un tutorial în care ne arăți cum sa editez pe telefon?,67,https://www.youtube.com/watch?v=-4NM-ltbHsQ
Multumim pt tutorial foarte util mai am de învățat dar cu ajutorul tău prin tutorialele pe care le faci sigur voi invata Mulțumesc mult .,137,https://www.youtube.com/watch?v=-4NM-ltbHsQ
"Felicitari pentru ceea ce faci, tine o tot asa",46,https://www.youtube.com/watch?v=-4NM-ltbHsQ
Pe tel nu se vede din aplicatie pe ce pui cursorul... probabil trebuie sa ma uit la clip pe laptop. M-ai pierdut la key frame-uri :(!,133,https://www.youtube.com/watch?v=-4NM-ltbHsQ
"Stai dc nu poți face tutorial favinci resolve , chiar ar fi folositor ( mai ales pt mn",86,https://www.youtube.com/watch?v=-4NM-ltbHsQ
salut! credeam ca sunt perspicace si intuiesc usor un program dar frate !!ma depaseste! nu am inteles faza asta cu new sequence. am incarcat de pe telefonul mobil cateva filmari si vreau sa le lipesc. nimic mai mult. totusi imaginea devine foarte mica si mai mica. ce gresesc? am facut setarile cum recomanzi dupa dimensiunea cu care am filmat si am apoi am setat in adobe . ce gresesc?,386,https://www.youtube.com/watch?v=-4NM-ltbHsQ
"Salut! Știe cineva unde se pot găsi acele videoclipuri scurte cu reacții flash, de genul  ""Few moments later..."", etc, care pot fi inserate pentru a evidenția ceva în filmarea principală?
Mulțumesc!",198,https://www.youtube.com/watch?v=-4NM-ltbHsQ
Frate ma ajuți foarte mult ești cel mai tare mulțumesc de sfaturi,65,https://www.youtube.com/watch?v=-4NM-ltbHsQ
"Salut! Ma poți ajuta și pe mine te rog, când fac legătura intre ps4, elgato și tv nu îmi apare televizorul pe laptop, ce pot face?",130,https://www.youtube.com/watch?v=-4NM-ltbHsQ
"Ai lucrat pana acum în video pad? Și dacă da, cum pot face o clona în video pad",79,https://www.youtube.com/watch?v=-4NM-ltbHsQ
SUPER TUTORIAL  POATE CINEVA SA-MI RASPUNDA CUM POT INTRA IN DIRECT CU ALTE PERSOANE DIN ALTE TARI SA CANTAM O PIESA IMPREUNA CUM TREBUIE FACUT ?? MUZICA CU CALCULATORUL....CAM GREU...,184,https://www.youtube.com/watch?v=-4NM-ltbHsQ
Aplicația asta e gratis sau costa mai mulți bani decât poate avea un om??,73,https://www.youtube.com/watch?v=-4NM-ltbHsQ
"Tot ce iti trebuie pt a incepe de la zero.
Imposibil sa nu inveti. Tot ce trebuie este: 24 min de RABDARE. 
Subscribed and Liked.",129,https://www.youtube.com/watch?v=-4NM-ltbHsQ
"Multumesc foarte mult!
dar premiere pro cum il pot lua full deoarece pe site ul lor il pot lua doar la abonament sa zic asa adica platesc o suma de bani lunar! ma poti ajuta te rog frumos!?",189,https://www.youtube.com/watch?v=-4NM-ltbHsQ
"Apropo, dacă ai face cândva niscaiva tutoriale despre Adobe Premiere cu explicațiile de rigoare, de reglare a sunetelor, etc - pentru că îmi trebuie la radio - ți-aș deveni fan fanatic...",187,https://www.youtube.com/watch?v=-4NM-ltbHsQ
"Cum se deschide  adobe premiere pro ,dupa ce l-am cumparat ?",60,https://www.youtube.com/watch?v=-4NM-ltbHsQ
La mine nu se aude,18,https://www.youtube.com/watch?v=-4NM-ltbHsQ
"Salut, Gabi! Ți-am trecut cele patru tutoriale de 3 ori exersând pe tot felul de filmulețele de-ale fiicei mele. Între timp am mai intrat și pe alte tutoriale pentru începători și am dat de prescurtări fantastice. Dar tu ești the best, și împreună cu alte trucuri mă îndrept către arma secretă a editărilor. În curând am să trec la celelalte filme ale tale, mai avansate! :)",374,https://www.youtube.com/watch?v=-4NM-ltbHsQ
"la zoom in zoom out, nu imi apare in stanga sus la effect controls nimic. Te rog scriemi la raspunsuri ce sa fac",112,https://www.youtube.com/watch?v=-4NM-ltbHsQ
"Hi, Gabriel! Falicitări pentru ce faci! 

Am observat că interfața sistemului tău de operare este de la Apple, iar componetele din descriere sunt de PC clasic. Poți instala OS pe un asfel de PC? 
Mersi :D",204,https://www.youtube.com/watch?v=-4NM-ltbHsQ
cand o sa faci tutoriale si cu lucruri mai avansate?,52,https://www.youtube.com/watch?v=-4NM-ltbHsQ
"Super! Am ajuns la episodul 4 si am învățat bazele! Explici foarte bine si am înțeles tot ce ai explicat!
Sugestie : Ai putea face un tutorial pentru after effects si lucruri mai complexe in premiere pro? Chiar vreau sa învăț! Ține-o tot asa. 👍👍",245,https://www.youtube.com/watch?v=-4NM-ltbHsQ
Eu fac pas cu pas exact ce faci tu in clip:}  bun video,55,https://www.youtube.com/watch?v=-4NM-ltbHsQ
Multumesc! Tocmai ce am aflat ca trebuie sa imi cumpar alt leptop pt a edita.,77,https://www.youtube.com/watch?v=-4NM-ltbHsQ
"Ce programe pot folosi care sunt gratis sau nu plătesc abonament lunar, ci il cumpăr pentru totdeauna pt pc??",109,https://www.youtube.com/watch?v=-4NM-ltbHsQ
ca sa folosesti Premiere Pro iti trebuie licenta?,49,https://www.youtube.com/watch?v=-4NM-ltbHsQ
"Super tare tutorialul, cred ca ești cel mai clar, într-un timp destul de scurt. Mi-ar plăcea un tutorial cu mai multe idei de tranziții, cum a fost aceea cu camera, foarte simplă, dar de mare efect.",198,https://www.youtube.com/watch?v=-4NM-ltbHsQ
Ai tutorial cu multicam,23,https://www.youtube.com/watch?v=-4NM-ltbHsQ
e 24euro/luna... prea mult,26,https://www.youtube.com/watch?v=-4NM-ltbHsQ
"Super tare omule , multumim frumos. Chiar asa te-am.descoperit , in dorinta de a invata editare si montaj , explici foarte bine si motivant . Te voi urmari cu placere . Big up .✌👍👍👍👍✌",183,https://www.youtube.com/watch?v=-4NM-ltbHsQ
"Eu inca nu am programul dar as vrea sa il cumpar permanent,se poate? Sau se plateste abonament?",95,https://www.youtube.com/watch?v=-4NM-ltbHsQ
este cu bani aplicatia??,24,https://www.youtube.com/watch?v=-4NM-ltbHsQ
13:33 cum faci un zoom mai mare nu merge cu scroll tot incerc dar nu imi dau seama,82,https://www.youtube.com/watch?v=-4NM-ltbHsQ
"Esti super Gabriel!Cine sa uitat pana la final sa dea laic 👏🏻👏🏻
👇",65,https://www.youtube.com/watch?v=-4NM-ltbHsQ
"Foarte bun , felicitări!.Mai scutit de o grămadă de chestii și timp pierdut. Mai explicit decât atât nu poate fi .Acum sunt un abonat și fii sigur că voi recomanda mai departe clipurile tale . Respect și mulțumesc încă odată.",225,https://www.youtube.com/watch?v=-4NM-ltbHsQ
"din prima eram arogant si nu aveam rabdare si un video/cut l-am editat gresit si era 30% scale si nu se vedea nimic 
iar dupa o zi (azi) am zis sa ma uit la videoclipul tau in intregime 
mersi ca faci aceste vodeoclipuri",220,https://www.youtube.com/watch?v=-4NM-ltbHsQ
"Am mai multe cadre filmate si toate setate la 30 FPS full HD, insa cand fac importul in secventa, ele sunt cuprinse intre 25-30 FPS. Ai idee care ar putea fi cauza? 
Teoretic 5 FPS-uri n-ar trebui sa afecteze calitatea video, dar fiind o fire perfectionista si cum vreau sa aduc calitate din ce in ce mai mult nu vreau sa am o astfel de ""piedica"" pe viitor.",357,https://www.youtube.com/watch?v=-4NM-ltbHsQ
Mersi am 13 ani si vreau sa învăț mersi mult,44,https://www.youtube.com/watch?v=-4NM-ltbHsQ
Îmi da eroare când îmi bag datele cardului 😑,44,https://www.youtube.com/watch?v=-4NM-ltbHsQ
dar cum poti filma asta este intrebarea me,42,https://www.youtube.com/watch?v=-4NM-ltbHsQ
"Știam deja astea dar tot m-am uitat, totuși in after efect aș vrea sa invaț sa lucrez, oricum, bravo pentru aceste videoclipuri de calitate.",140,https://www.youtube.com/watch?v=-4NM-ltbHsQ
"Forte utile informatiile din acest tutorial, voi urmari cu interes toate postarile dumneavoastra.
Am un canal pe youtube , dar pana anul acesta nu editam videoclipurile absolut deloc si se pare ca nu a fost o alegere buna. Acum ca am descoperit canalul dumneavoastra m-am abonat, am dat clik si pe clopotel pentru notificari pentru a invata cat mai multe lucruri legate de editare in premier pro.
Multumesc mult .


Va doresc numai bine in tot ceea ce faceti!",459,https://www.youtube.com/watch?v=-4NM-ltbHsQ
Exista vreo aplicație care iei arata cât ram consuma alte aplicații? pt Mac,75,https://www.youtube.com/watch?v=-4NM-ltbHsQ
Părere final cut,16,https://www.youtube.com/watch?v=-4NM-ltbHsQ
"Salutare! Ai vreo idee de ce mie nu imi merge sa caut videouri in laptop cu ,,browse"" sa le adaug in premiere pro?   Pot doar sa minimize cadrul premiere si drag the video from the desktop.",189,https://www.youtube.com/watch?v=-4NM-ltbHsQ
Este super tare ceea ce faci mai ales pentru cei care nu stiu...esti profesor,77,https://www.youtube.com/watch?v=-4NM-ltbHsQ
Salut!meniul este și în limba română?,37,https://www.youtube.com/watch?v=-4NM-ltbHsQ
"Min 13.07 ""voi derula pana acolo ca sa vad ce se intampla"". Dintr-o data se mareste imaginea fisierului dar nu-mi dau seama cum ai facut. Am dat dublu click, sageti , etc. Cum ai marit imaginea?",194,https://www.youtube.com/watch?v=-4NM-ltbHsQ
"Buna! Am folosit pana acum Sony Vegas 15 si 16 pentru editari si vreau sa te intreb daca este mai bun Adobe Sau Vegas, nu am incercat Adobe dar vreau sa stiu parerea ta, daca ai folosit vegas, daca l-ai incercat ca sa imi fac o parere ce program ar trebuii sa folosesc.",269,https://www.youtube.com/watch?v=-4NM-ltbHsQ
"Foarte util. Multumim frumos! Eu acum incerc sa fac zoom in, zoom out si mai pe ropamneste, mi-am prins urechile. Adica reusesc sa modific valorile, se apropie imaginea dar nu doar in punctul respctiv ci pe tot filmul. NU reusesc nicicum sa o aplic fix in locul in care vreau si sa revin dupa cateva secunde la valoarea anterioara.",331,https://www.youtube.com/watch?v=-4NM-ltbHsQ
Cum elimini Filmora de pe video?,32,https://www.youtube.com/watch?v=-4NM-ltbHsQ
"Buna!felicitari pentru munca depusa,explici super bine,as avea o intrebare:))sotul mi-a facut cadou un paysafe,crezand ca o sa mearga sa-mi platesc prima luna pentru acest program...care sunt sansele sa reusesc?am cateva videocliuri care deabia asteapta sa le pot edit intr0un program profiii..",294,https://www.youtube.com/watch?v=-4NM-ltbHsQ
"Am revenit. M-am uitat la tot. E complicat, dar îmi place. Explici bine și odată ce te apuci să lucrezi în program, vei înțelege mai bine. Nu va mai fi atât de complicat. Important ar mai fi să ne arăți cum punem text pe video și tranziții cu sunet de tranziție.",262,https://www.youtube.com/watch?v=-4NM-ltbHsQ
si la ce ai repetat atat? crezi ca suntem prosti sau ce?,56,https://www.youtube.com/watch?v=-4NM-ltbHsQ
nu imi place epizodul ista,26,https://www.youtube.com/watch?v=-4NM-ltbHsQ
"A spus in video ca abonamentul doar la premier costa 10-12 euro pe luna, dar pe pagina lor oficială costa 23€ plus TVA și asta dacă faci abonament anual dacă nu 35€ parca.
Sti tu de inde putem lua mai cu 12€ pe
Luna. Multumesc!",227,https://www.youtube.com/watch?v=-4NM-ltbHsQ
"Mult respect pentru felul cum explici si pentru rabdare.

Sony Vegas e mai dificil?
Care sunt diferentele intre Adobe Premiere Pro si Sony Vegas?

Intreb pentru ca toate videoclipurile le editez cu Sony Vegas Pro si mna...",222,https://www.youtube.com/watch?v=-4NM-ltbHsQ
Tu faci Tik Tok?,16,https://www.youtube.com/watch?v=-4NM-ltbHsQ
"Gabriel iti apreciez foarte mult munca ta, foarte tare, iti multumesc frumos din inima.Este ceva mai rar, ca cineva sa iti ofere ceva gratis ,dar tu ai avut dorinta de a o face ,prin urmare ,ca sa iti multumesc ,mam abonat la canalul tau si am dat laikuri la videorile tale !",275,https://www.youtube.com/watch?v=-4NM-ltbHsQ
"Am să repet seminariul, ulterior am să mai trec la alte trucuri expuse de tine pentru Premiere. Fiica mea face filmulețe pentru copii de la vârsta de 8 ani. Acum are 13. Și-a adunat 25000 de subscriberi și milioane de vizualizări. Face parte din primii trei voggeri cu filmulețe pentru copii din România. Vreau să îi fac niște remake-uri, să îi îmbunătățesc calitatea imaginilor. Însă de când i-am făcut monetizare nu prea mai postează, probabil că i-am intrat în intimitate, deși nu fac altceva decât să îi pornesc monetizarea. Dar trebuie să îi întrețin profilul, ca să nu și-l piardă, până or apuca-o din nou nostalgiile! :(",627,https://www.youtube.com/watch?v=-4NM-ltbHsQ
doar eu l-am luat cracked?,26,https://www.youtube.com/watch?v=-4NM-ltbHsQ
"Îmi poți spune numele într-un video?Nu promovare îmi poți spune Răzvan,Te roggggg!Sunt fanul tău nr.1!Respect!",110,https://www.youtube.com/watch?v=-4NM-ltbHsQ
Hei Gabriel știi sa faci sa editezi oamenii,43,https://www.youtube.com/watch?v=-4NM-ltbHsQ
"Salut,am o problema..Am ajuns pana la ultimul tau episod despre premier pro,si pe parcursul editarii ventilatoarele de la pc pornesc atunci cand tai sau pun slowmotion si pe tot parcursul exportului,chiar daca am bara din premier pro galbena.Care are fi problema?",263,https://www.youtube.com/watch?v=-4NM-ltbHsQ
intro de 5 min,14,https://www.youtube.com/watch?v=-4NM-ltbHsQ
LIKE+ABONARE+DISTRIBUIRE MASIV...CEL PUTIN DIN PARTEA MEA.,58,https://www.youtube.com/watch?v=-4NM-ltbHsQ
"Nu stii cumva cum a.si putea sa editez un video in care EU sa fiu langa mine?..gen sa fiu in doua locuri deodata?=)😂 stiu ca suna ciudat...da e vre.un program pt telefon cu care  a.si putea face asta?😂❤
Ca a.si vrea sa fac un schetch...si n.am cu cine=))",254,https://www.youtube.com/watch?v=-4NM-ltbHsQ
"Eu am o problema. Filmez cu gopro hero 7 back, imi arata ca filmez 1080 cu  60 fps si cand am facut ce ziceai tu pe la minutul 10:00 si cand trag clipul sa l editez imi apare o eroare ca si cum n am facut setarile bune si nu se ""pupa"" setarile cu clipul meu. Am selectat si 59.94 fps, dar si 60. Ce as putea face?",313,https://www.youtube.com/watch?v=-4NM-ltbHsQ
"Îți mulțumesc frumos. Îmi place foarte mult vidio pe care lai postat.
Mă ajută foarte mult pe. Viitor.
Îmi era de ajutor vidioclipul tău.
Cum să editez mai bine vidioclipul.
Respect și multă sănătate să ai parte de multa mucuri în tot ce faci în viața de zi cu zi.
BAFTĂ ÎMI EȘTI DE AJUTOR.
FELICITĂRI.
Dați like aici că merită din plin.",337,https://www.youtube.com/watch?v=-4NM-ltbHsQ
"Mulțumesc pentru acest frumos tutorial ai un nu abonat am lăsat reclamele sa ruleze fara sa dau skip e meritul tău și munca ta măcar așa te pot susține,e o muncă grea dificilă știu pentru că am și eu un micuț canal international cu 1500 de abonați nu pe contul ăsta ci pe un altul,prima data am lucrat un filmora apoi în Sony Vegas iar acum vreau să învăț și premierul,îți mulțumesc încă odată,zi frumoasă îți doresc!",417,https://www.youtube.com/watch?v=-4NM-ltbHsQ
"O intrebare poate stupida pentru unii, dar cum dai zoom-in si zoom-out  in partea unde lucrezi video-ul respectiv ( daca este vreo combinatie de taste ) si aceeasi intrebare in cazul  optiunii ""position"" ce combinatie de taste folosesti fara a fi nevoit sa dai click pe numarul respectiv si sa-l modifici manual? Mersi!",319,https://www.youtube.com/watch?v=-4NM-ltbHsQ
"salut, care dintre Adobe premire trebuie sa-l cumpar pentru a edita video, as vrea sa fac youtube, si nu ma intereseaza prea multe efecte, doar sa tai din cadru, sau sa derulez in timp ce fac ceva, ca sa nu astepte prea mult cei care se vor uita, ca de exemplu sa fac o filmare de 3 ore in 20 de minute, sa tai din filmare, sau de exemplu sa spun ca revin si dupa apare alta secventa cand sunt deja intr-un loc anume, Multumesc",427,https://www.youtube.com/watch?v=-4NM-ltbHsQ
Iti multumim mult pentru efortul pe care il faci pentru noi. Cu aceasta ocazie imi voi obtine si eu acest program de editare. In prezent am ceva mai mult pentru incepatori!,172,https://www.youtube.com/watch?v=-4NM-ltbHsQ
"Cel mai util pentru mine a fost partea cu key frame. Aia nu stiam exact cum functioneaza dar acum am inteles.
Referitor la cuturi si la pastrarea materialului care ma intereseaza eu ma folosesc de source nu fac taieturile direct in timeline. Dupa ce import fisierele, dau dubluclick pe ele pe rand, ma folosesc de in si out si cu drag and drop trag doar secventele in timeline. Mie mi se pare mai curat si mai usor asa. mai ales daca am multe filmari si durata de clip mai mare",477,https://www.youtube.com/watch?v=-4NM-ltbHsQ
"Fără aceste douj' de minute de la tine, maiestre.... Viața ar fi pustiu. Cred că nici softul nu ar exista, așa te exprimi. : ))) Ps: Abia la minutul 7:20 începe tutorialul. : )))",178,https://www.youtube.com/watch?v=-4NM-ltbHsQ
"O intrebare...
Daca fac un proiect nou..un filmulet de 2-3 minute cu 10-20 de momente scurte de 2-3 secunde filmate la 30 fps-uri si setez de la inceputul programului 30fps-uri....iar eu am in una din segvente 60-120 fps-uri...aste mi le face  automat slow motion?",264,https://www.youtube.com/watch?v=-4NM-ltbHsQ
De ce nu imi apare la export cheatia aia de media unde pot salva filmuletul in calculator??(daca puteti sa gasiti o rezolvare m-as bucura foarte tare),150,https://www.youtube.com/watch?v=-4NM-ltbHsQ
"Salut! Nu de multă vreme mi-am cumpărat o dronă - DJI Mavic Air 2. Am filmat cu ea în 4k la 60fps (ca tot începătorul, în blană 😊). Am început că caut tutoriale și recomandări de soft pentru editare și așa am ajuns pe canalul tău (foarte fain, btw 👍)Am instalat Adobe și am luat-o cu începutul. Am încărcat două clipuri, dar când am dat play în preview îmi merge sacadat la orice calitate (1/2, 1/4, 1/8, nici nu mai vorbesc de full). Menționez că am un Asus ROG, i7 9th gen, cu 8 GbRam, 4Gb placa video, 512 SSD. Linia aceea de care spuneai tu că poate fi galbenă sau roșie în Adobe la mine este galbenă, deci procesorul duce. Am pus ceva filmări făcute cu telefonul, filmare în 4k la 30 fps, și nu are nicun fel de problemă. Pe de altă parte, în unele reviewuri despre Mavic Air 2 am auzit pe unii vloggeri spunând că deși au pc-uri performante, filmările în 4k la 60 fps merg sacadat. Ai idee ce ar putea fi și dacă există vreo rezolvare? Mulțumesc!",952,https://www.youtube.com/watch?v=-4NM-ltbHsQ
Am o întrebare pe ce laptop ar merge premier pro?Apropo ești foarte tare și putem învăța multe lucruri de la tine,113,https://www.youtube.com/watch?v=-4NM-ltbHsQ
invat in 5 minute la altii ce nu am invatat la tine in 20 de minute mersi te pup,80,https://www.youtube.com/watch?v=-4NM-ltbHsQ
"Premiere Pro costă $19 iar Resolve are a versiune free. Sigur are și o versiune de cumpărat, și costă cam $300 pe viață. Dar și Premiere Pro este okay. Eu am schimbat și nu regret.",180,https://www.youtube.com/watch?v=-4NM-ltbHsQ
"Hey te rog sa ma ajuti, eu cand filmez un video de gaming si ii dau inport in Adobe Premier si ii dau play imi arata un semn de exclamare in pastea de dreapta jos si zice ceva de frameuri, pe langa asta videoul merge bine de la un moment dat apare ecranul negru dar sunetul continua si dupa se tot repeta(nici nu ajunge la sfarsit si se repeta,plus ca se repeta haotic(o parte din mijloc una de la sfarsit, iar sinetul merge on continuare normal) TE ROG SPUNE-MI CE SA FAC",472,https://www.youtube.com/watch?v=-4NM-ltbHsQ
"Salut, tot eu sunt, vreau sa te intreb ce laptop recomanzi pentru editare in ADOBE PREMIERE PRO. Vreau un laptop cu specificatii bune pentru acest program. Eu mă gândeam sa-mi achizitiinez un ACER NITRO 7, dar e cam scumpicel. As merge pe HUAWEI MATEBOOK D15, dar nu stiu daca este bun.Poti sa-mi recomanzi un laptop de buget, dar care sa duca bine programul ? Multumesc frumos !",379,https://www.youtube.com/watch?v=-4NM-ltbHsQ
"Sautare, domnu Barna.Va. mai derajez cu cateva intrebari: Cum as putea conecta doua lavaliera la un sony a6400 ? Am vazut ca recomandati montoarea audio profesionale pentru editare sunet, si casti de la sure. Ce monitoare imi puteti recomanda? Pot sa folosesc casitele Shure SE215-CL ? Multumesc",295,https://www.youtube.com/watch?v=-4NM-ltbHsQ
"Nu-i chiar ieftină licența, dar sunt 100% de acord cu tine. Fără piraterie că îți face praf PC-ul. Am windows cu licență! Altceva, mă bucur că ai început cu asta! Chiar vreau să învăț alt soft, să devin mai bun. Filmora nu mă ajută într-atât încât ar face-o adobe sau da vinci sau altceva. M-am uitat 5 minute 55, dar revin. Promit. Doar atât pentru că fac două videouri cu filmora și am de lucru momentan.",406,https://www.youtube.com/watch?v=-4NM-ltbHsQ
GABRIEL V Barna Salut majoritatea care faceti  videoclipuri mai mult  vorbiti  are  nevoie  omul de o informatie nu o puate afla ar fi   mai bine sa   puneti camera  pe  monitor si sa vedem cum editati  live sau  videoclupri,224,https://www.youtube.com/watch?v=-4NM-ltbHsQ
am facut mai inainte un comentariu ne vinovat si civilizat la ultimul live si mi ai blocat comentariile ! esti super ok dar la treaba asta nu te inteleg ! mi ar place sa inteleg motivul actiunii tale ! ti am scris aici ca acolo nu  lasi sa scrie decat simpatiile tale dupa cum se vede !  daca faci asa nu e ok !  o seara buna !,327,https://www.youtube.com/watch?v=-4NM-ltbHsQ
"Boss... la faza cu piratatul, as cumpara cu mare placere suita adobe , dar ideea e ca am 13 ani si nu am de unde sa scot 12e pe luna sa dau pe un soft, de toata suita nici nu mai vorbesc, iar parinti imi spun ca trebuie sa ma descurc singur daca vreau sa invat.",261,https://www.youtube.com/watch?v=-4NM-ltbHsQ
"Care este diferenta intre o versiune piratata si versiunea pro? In afara de update-uri...
Te intreb pentru ca unii chiar nu au posibilitatea de a cumpara pro-ul.
Nici echipament corect pentru vlog nu avem (nu zic ca 12$/ luna e o suma uriasa)...dar eu personal nu am nici o sursa de venit momentan...",300,https://www.youtube.com/watch?v=-4NM-ltbHsQ
