raw text,text_length,source
Mare ciudă pe Hash ăsta :))),28,https://www.youtube.com/watch?v=aiJGsiQOTnI&t=1206s&ab_channel=CatalinMaruta
Frate de ce dreaq îl băgați pe Lino in discuția asta ca săracul nu e in Stare sa lege 2 fraze ...?,98,https://www.youtube.com/watch?v=aiJGsiQOTnI&t=1206s&ab_channel=CatalinMaruta
Când stau și ma gândesc ca vecinul de sus este polițist și o data pe săptămână face câte o petrecere și nu pățește nimic . Pare ceva dubios aici ?🤨🤨,148,https://www.youtube.com/watch?v=aiJGsiQOTnI&t=1206s&ab_channel=CatalinMaruta
"Ciudat sa-l vezi pe mikey hash vorbind de aroganta. Domnul mihai cum ne vorbea el de succes si cat de bine ii merge lui, bmw-uri, academii de vloging, concursuri, doze de cola, el n-a adoptat o atitudine aroganta niciodata, acest Mr.Succes al nostru.",250,https://www.youtube.com/watch?v=aiJGsiQOTnI&t=1206s&ab_channel=CatalinMaruta
Va cam da batai de cap copilul asta si asta va deranjaza defapt.,64,https://www.youtube.com/watch?v=aiJGsiQOTnI&t=1206s&ab_channel=CatalinMaruta
"Mickey e răutăcios, probabil il roade ca un ""copchil"" l-a luat la urmaritori.",77,https://www.youtube.com/watch?v=aiJGsiQOTnI&t=1206s&ab_channel=CatalinMaruta
"Îl urmăresc pe Mihai de la începutul dozei, dar după ce am văzut cât e de frustrat, mi-am dat seama că e o pierdere de timp ..",126,https://www.youtube.com/watch?v=aiJGsiQOTnI&t=1206s&ab_channel=CatalinMaruta
Hasule te credeam om mai serios dar pt 2000 de euro te ai vinde oricui🤣🖕,72,https://www.youtube.com/watch?v=aiJGsiQOTnI&t=1206s&ab_channel=CatalinMaruta
S-a simtit Mihai Alexandru Hash cand a zis de oamenii de 40 de ani:))))),72,https://www.youtube.com/watch?v=aiJGsiQOTnI&t=1206s&ab_channel=CatalinMaruta
"Andy popescu asaltat de jandarmi si abuzat, jandarmi incalca legea
Nimeni: nimic..
Ziua lui Selaru 
Toti: selly a incalcat legea",128,https://www.youtube.com/watch?v=aiJGsiQOTnI&t=1206s&ab_channel=CatalinMaruta
"Tot ce stie lumea despre mikey e ca a prezentat doza de has, nimic mai mult",75,https://www.youtube.com/watch?v=aiJGsiQOTnI&t=1206s&ab_channel=CatalinMaruta
"te ai simtit grav prietene, urla ciuda n tine",45,https://www.youtube.com/watch?v=aiJGsiQOTnI&t=1206s&ab_channel=CatalinMaruta
"Niste probleme de interes national, aceasta stire pe toate televiziunile, felicitari.",85,https://www.youtube.com/watch?v=aiJGsiQOTnI&t=1206s&ab_channel=CatalinMaruta
"O porcărie de emisiune a devenit in parcursul anilor! Oameni ‘’maturi’’ discuta in necunoștință de cauza și înțeleg ce vor ei, atât timp cât Selly a explicat și etc! Dar așa e lumea la noi..de ce nu l-a chemat pe Selly Măruță sa explice situația?! Pentru ca vor sa mai facă Selly un videoclip pe YouTube sa mai iasă și ei in evidentă in titlu. Ei nu înteleg ca sunt expirați și sunt frustrați ca generația noua le i-a fața!!! Oricum lumea le vede fata și ce vor ei sa facă, sa îmbârlige..ca asta știu sa facă oamenii rai și afurisiți! Treziți-va oamenilor și vedeți realitatea!!",578,https://www.youtube.com/watch?v=aiJGsiQOTnI&t=1206s&ab_channel=CatalinMaruta
Lino :))) ce cauta el in acest interviu 😂😂,42,https://www.youtube.com/watch?v=aiJGsiQOTnI&t=1206s&ab_channel=CatalinMaruta
"Atat de perversi sunt oamenii astia, jur..
Acum cateva luni, Maruta il chema pe Selly la emisiune si era totul fain si frumos iar acum vorbeste despre el si trage concluzii fara sens, de antea 3 nici nu mai zic.. Mircea Badea si restu, ipocrizie maxima",252,https://www.youtube.com/watch?v=aiJGsiQOTnI&t=1206s&ab_channel=CatalinMaruta
"Bă asta era cea mai mare problema in Romania.. Selly ascultă manele😱😱, lasă să fure aia de sus, lasă să ardă țara .. ce contează.  Cum mă sa asculte Selly manele?????????",170,https://www.youtube.com/watch?v=aiJGsiQOTnI&t=1206s&ab_channel=CatalinMaruta
Noroc de selly ca altfel nu l mai vedeam pe hash la tv:)))),59,https://www.youtube.com/watch?v=aiJGsiQOTnI&t=1206s&ab_channel=CatalinMaruta
Lino lipsea de aici...,22,https://www.youtube.com/watch?v=aiJGsiQOTnI&t=1206s&ab_channel=CatalinMaruta
"S-au adunat frustrații. De parcă voi nu ați petrecut,doar că nu v-ați filmat.",77,https://www.youtube.com/watch?v=aiJGsiQOTnI&t=1206s&ab_channel=CatalinMaruta
"Eu nu inteleg dc in Romania inteligenta este vazuta ca un comportament auster sau serios mereu si lipsit de orice forma de distractie, slabiciuni si vicii. Poti fi inteligent si super smart si sa faci cele mai nebune lucruri, sa iesi cu cine ai tu chef sa iesi, sa te imbraci cum ai tu chef sa te imbraci si sa faci exact ce vor muschii tai, ATATA TIMP CAT RESPECTI LEGEA. In situatia de fata, petrecerea in sine este problema, pentru ca in vreme de pandemie, el sfideaza efectiv toate regulile cand toti avem calusul in gura sa ne supunem legii. Putea efectiv sa tina aceasta petrecere in privat si sa nu se laude. Da, la faza asta a dat-o cu mucii in fasole. Dar nu are nicio treaba cu cine petrece el timpul.",711,https://www.youtube.com/watch?v=aiJGsiQOTnI&t=1206s&ab_channel=CatalinMaruta
"Voi, mass-media sunteti asasinii morali ai Romaniei. Veti fi judecati si veti plati !",85,https://www.youtube.com/watch?v=aiJGsiQOTnI&t=1206s&ab_channel=CatalinMaruta
"Catalin maruta la ploiesti sunt deschise cazinourile non stop,sanbata dupa ora 11 anumite restaurante dau petreceri cu usa inchisa pana la 5 dimineata,politia stie,ce parere ai??",178,https://www.youtube.com/watch?v=aiJGsiQOTnI&t=1206s&ab_channel=CatalinMaruta
"'Miky' haș, esti pensionar acceptă :) !  Te-a luat Selly, si la cifre cat si la content, demisia pe youtube a venit mai devreme decat anticipai.",144,https://www.youtube.com/watch?v=aiJGsiQOTnI&t=1206s&ab_channel=CatalinMaruta
"Hai să o luăm pe șleau, Selly nu e scandalagiu, face content family friendly, e ok omu', dar dacă el intră în beef cu voi...O să ajungeți ca Gogan, sclavilor. Și oricum , că-l judecați sau nu...Va schimba mai multe în sistem decât voi...Mă duc să acult Dorul dorul de la Jador, vă rog frumos să mă scuzați dragi intelectuali",324,https://www.youtube.com/watch?v=aiJGsiQOTnI&t=1206s&ab_channel=CatalinMaruta
"MIkey Hash vloger realizat pe a traduce alte vloguri facute in USA , nimeni nu mai stie de el nimic pentru ca urmaritorii lui au inteles de fapt de unde vine inspiratia lui Mikey Hash:)) ar trebui sa isi schimbe numele de scena in copy-paste :))",245,https://www.youtube.com/watch?v=aiJGsiQOTnI&t=1206s&ab_channel=CatalinMaruta
S-a reunit cu Tzancă sa reformeze educația din România!,55,https://www.youtube.com/watch?v=aiJGsiQOTnI&t=1206s&ab_channel=CatalinMaruta
Daca in loc de party era selly cu doua minore legate politia probabil nici nu observa,85,https://www.youtube.com/watch?v=aiJGsiQOTnI&t=1206s&ab_channel=CatalinMaruta
Mare foamea.,12,https://www.youtube.com/watch?v=aiJGsiQOTnI&t=1206s&ab_channel=CatalinMaruta
"Wtf?! Nu mi a plăcut niciodată de Mikey Hash și acum înțeleg  de ce. Nu i am urmărit activitatea niciodată și nici n am de gând s o fac. Faptul că a fost chemat să comenteze(și nu înțeleg de ce) despre ceva ce a făcut Selly, nu l face deloc mai relevant. Că a început să râdă după ce a fost prezentat materialul postat de el pe yt, denotă ce? Sincer, invidie. Și se vede. 
Băiatul ăsta de 20 de ani e mai inteligent decât mulți care tot vin pe la emisiunea asta.   ""Mesia al educației"" are niște idei la care nu cred ca s a gândit vreunul din voi. Și chiar are influența și inteligența necesară să pună în aplicare. După părerea mea, n a făcut o greșeală colosală, ca să fie nevoie de aceste  comentarii, care sincer amuză publicul.
Sunt atât de multe nereguli în țara asta,  referitoare la încălcările legilor privind pandemia, și fix asta e în top. Și dacă ascultă manele ce? Unde scrie că un om deștept n are voie să asculte manele? Îl face mai inferior?  Trebuie să asculte operă și atât? 
Toți ascultăm pentru că e ceva normal.",1032,https://www.youtube.com/watch?v=aiJGsiQOTnI&t=1206s&ab_channel=CatalinMaruta
"A spart copilu asta topurile, bravo lui🔝🔥😂😂",43,https://www.youtube.com/watch?v=aiJGsiQOTnI&t=1206s&ab_channel=CatalinMaruta
Cat de ipocriti sunteti? Isi mai aduce aminte cineva de Esca si cum s a imbolnavit? Ca s a dus la o petrecere in plina pandemie?,128,https://www.youtube.com/watch?v=aiJGsiQOTnI&t=1206s&ab_channel=CatalinMaruta
"Chiar nu pot sa inteleg implicarea lui Mickey in toata aceasta poveste. Probabil e placerea oamenilor de a vorbi despre vietile altora, mai ales cand e vorba despre probleme. Sincer, ridicol. Se citeste frustrarea pe fata lui, pana la urma un baiat de 20 de ani i-a luat locul de mult timp pe aceasta platforma. Celalalt domn care a vorbit despre aceasta problematica, caruia nu i-am retinut numele, incearca sa gaseasca tot felul de teorii in ceea ce priveste actiunile lui Selly. Nu va mai dati atat de filosofi, omul doar si-a tinut ziua de nastere, refuz sa cred ca a planuit totul, fiind o persoana foarte atenta cu propria imagine. Ganditi prea mult subiecte simple, va dati seama ce persoane complexe sunteti voi :)). Din pacate si din fericire, petrecerea aia a fost mai sigura decat multe alte activitati obisnuite, precum mersul cu autobuzul sau mersul la cumparaturi. Majoritatea oamenilor de la petrecere au fost testati, voi cand va intalniti cu familia aveti mai multe sanse sa luati covid. Ipocrizie multa si scandal pentru nimic. Nici nu ma astept la altceva, este vorba de televiziune.",1102,https://www.youtube.com/watch?v=aiJGsiQOTnI&t=1206s&ab_channel=CatalinMaruta
Doamne mi am retras follow ul de la Hass asta,45,https://www.youtube.com/watch?v=aiJGsiQOTnI&t=1206s&ab_channel=CatalinMaruta
E din rubrica lui Mikey  '' nimănui nu-i pasă '' :)),52,https://www.youtube.com/watch?v=aiJGsiQOTnI&t=1206s&ab_channel=CatalinMaruta
Hashule te cam contrazici cu vlogul tau facut despre același subiect!!,70,https://www.youtube.com/watch?v=aiJGsiQOTnI&t=1206s&ab_channel=CatalinMaruta
Se vede ca nu mai aveti material de oferit...asa ca intrati in viata fiecarui om...in speranta unor procente...sunteti patetici,127,https://www.youtube.com/watch?v=aiJGsiQOTnI&t=1206s&ab_channel=CatalinMaruta
"Mickey are 60 mill views total si selly 730 mill total , gelozie mare pe hash",77,https://www.youtube.com/watch?v=aiJGsiQOTnI&t=1206s&ab_channel=CatalinMaruta
"jos Maruta ! noua generatie a spart orice domeniu mai ales aceasta emisiune si multe altele
daca intr-adevar doreai sa descoperi o parere il chemai pe selly sa vorbeasca",169,https://www.youtube.com/watch?v=aiJGsiQOTnI&t=1206s&ab_channel=CatalinMaruta
"si eu am facut petrecere in pandemie, pe mine de ce nu ma dati la tv?",69,https://www.youtube.com/watch?v=aiJGsiQOTnI&t=1206s&ab_channel=CatalinMaruta
26:56 rasul lui Mikey e spatial😂😂😂,34,https://www.youtube.com/watch?v=aiJGsiQOTnI&t=1206s&ab_channel=CatalinMaruta
MARUTA NU ESTI IN POSTURA SA DAI LECTII DE MORALITATE.TU TREBUIE SA SPUI CE SPUNE CEL CE TE PLATETE,99,https://www.youtube.com/watch?v=aiJGsiQOTnI&t=1206s&ab_channel=CatalinMaruta
Hai ca deja tu furi curent . Nici nu a vorbit asa . Si sa iti mai zic ceva cred ca Selly cu filmarea asta si a facut mai multi fani 🤫,133,https://www.youtube.com/watch?v=aiJGsiQOTnI&t=1206s&ab_channel=CatalinMaruta
Mister pu..a nu selli 🤣🤣🤣,25,https://www.youtube.com/watch?v=aiJGsiQOTnI&t=1206s&ab_channel=CatalinMaruta
"Nimeni nimic: jandarmii încalcă legea  andy popescu asaltat de jandarmi
Ziua lui selly: toate televiziunile on..",112,https://www.youtube.com/watch?v=aiJGsiQOTnI&t=1206s&ab_channel=CatalinMaruta
Si care ii problema?,20,https://www.youtube.com/watch?v=aiJGsiQOTnI&t=1206s&ab_channel=CatalinMaruta
am ajuns sa ma uit si la maruta pe yt,37,https://www.youtube.com/watch?v=aiJGsiQOTnI&t=1206s&ab_channel=CatalinMaruta
"De la doza de has din 2010, cred ca nu a mai auzit de el nici masa si tacsu de mikey has asta!",94,https://www.youtube.com/watch?v=aiJGsiQOTnI&t=1206s&ab_channel=CatalinMaruta
"Hașule, cum era ""nimăNU-Ipasă""?",31,https://www.youtube.com/watch?v=aiJGsiQOTnI&t=1206s&ab_channel=CatalinMaruta
"Mikey,esti extrem de frustrat.",30,https://www.youtube.com/watch?v=aiJGsiQOTnI&t=1206s&ab_channel=CatalinMaruta
"Lino: ""să graviteze situația""(min 11:00)...Voia sa spuna sa ""agraveze""!😆Ce, mă?!😂",81,https://www.youtube.com/watch?v=aiJGsiQOTnI&t=1206s&ab_channel=CatalinMaruta
"Nu inteleg de ce trebuie sa se vorbeasca despre un subiect de genul asta atat de mult. Oamenii astia n au legatura cu intamplarea asta, dar venim la tv sa ne mai afirmam putin, Doamne in ce lume traim?",201,https://www.youtube.com/watch?v=aiJGsiQOTnI&t=1206s&ab_channel=CatalinMaruta
nu e treba magarului de unde bea calul apa,42,https://www.youtube.com/watch?v=aiJGsiQOTnI&t=1206s&ab_channel=CatalinMaruta
Cine e Mikey ?,14,https://www.youtube.com/watch?v=aiJGsiQOTnI&t=1206s&ab_channel=CatalinMaruta
Mai există Hash???🤔🤭,20,https://www.youtube.com/watch?v=aiJGsiQOTnI&t=1206s&ab_channel=CatalinMaruta
"As vrea ca Selly sa reactioneze si la oamenii astia ""inteligenti"". :))",70,https://www.youtube.com/watch?v=aiJGsiQOTnI&t=1206s&ab_channel=CatalinMaruta
"Asa devine mai faimos prin toate televiziunile, el cu 4-5 promovării plătește și amenda, și pe lângă își mai face și fani",121,https://www.youtube.com/watch?v=aiJGsiQOTnI&t=1206s&ab_channel=CatalinMaruta
Păi sunt prea revoltați..pt că pustiul asta la 20 ani are din ce in ce mai multa putere că Televiziunea!! Are un public mare .și ei nu au control asupra lui!!!! Și nu știe cum să îl dea joss dar degeaba că devine tot mai Puternic !!!!,234,https://www.youtube.com/watch?v=aiJGsiQOTnI&t=1206s&ab_channel=CatalinMaruta
Hash👏👏👏👏,8,https://www.youtube.com/watch?v=aiJGsiQOTnI&t=1206s&ab_channel=CatalinMaruta
Imi place parerea lui Mikei,27,https://www.youtube.com/watch?v=aiJGsiQOTnI&t=1206s&ab_channel=CatalinMaruta
În Germania ar fi luat 25.000 € cel puțin.,42,https://www.youtube.com/watch?v=aiJGsiQOTnI&t=1206s&ab_channel=CatalinMaruta
Bugs Bunny!!! 😁😁😁,17,https://www.youtube.com/watch?v=aiJGsiQOTnI&t=1206s&ab_channel=CatalinMaruta
Ce legatura are Lino ca sa comenteze despre subiectul asta?,59,https://www.youtube.com/watch?v=aiJGsiQOTnI&t=1206s&ab_channel=CatalinMaruta
Frate da și a făcut și el ziua si gata va ofensați asta e motiv de scandal ? Si de atâtea păreri și a serbat ziua si gata terminati cu vrăjelile . Nu mai sunt probleme in romania decât petrecerea lu selly hai sa fim serioși.,224,https://www.youtube.com/watch?v=aiJGsiQOTnI&t=1206s&ab_channel=CatalinMaruta
Am încetat sa ma uit la doza de haș de când Mihăiță a devenit un comercial a uitat ca a plecat de la filmat cu telefonul. Trist dar adevarat,140,https://www.youtube.com/watch?v=aiJGsiQOTnI&t=1206s&ab_channel=CatalinMaruta
NU ARE CHE KAUTA FRAER LANGA JMEKER ZA ZTEA!!!!! RAAAAAAA!!!!!!,63,https://www.youtube.com/watch?v=aiJGsiQOTnI&t=1206s&ab_channel=CatalinMaruta
Toata prostia o zice jurnalistu ala ca nu stie cum sa iasa din kktu in care l o bagat selly,91,https://www.youtube.com/watch?v=aiJGsiQOTnI&t=1206s&ab_channel=CatalinMaruta
Cata invidie are asta pe el Ș))),32,https://www.youtube.com/watch?v=aiJGsiQOTnI&t=1206s&ab_channel=CatalinMaruta
"10:59 ""să graviteze situația""?????? 🤣🤣🤣🤣🤣🤣🤣",43,https://www.youtube.com/watch?v=aiJGsiQOTnI&t=1206s&ab_channel=CatalinMaruta
Este o realitate nu o aroganță!,31,https://www.youtube.com/watch?v=aiJGsiQOTnI&t=1206s&ab_channel=CatalinMaruta
"""Mihai Alexandra, adica MikeyHash""  =))))",41,https://www.youtube.com/watch?v=aiJGsiQOTnI&t=1206s&ab_channel=CatalinMaruta
Maruta ce are a face inteligenta si cariera unui om cu muzica pe care o asculta in timpul lui liber? Ce daca se duce la neversea? N are voie sa asculte manele daca se duce la neversea? N are voie sa cheme pe banii lui si placerea lui un muzicant sa ii cante la ziua lui? De ce? Pe cine deranjeaza?,297,https://www.youtube.com/watch?v=aiJGsiQOTnI&t=1206s&ab_channel=CatalinMaruta
da si Seli de ce si-a facut public ceva s-a intamplat🙃🙃🙃,56,https://www.youtube.com/watch?v=aiJGsiQOTnI&t=1206s&ab_channel=CatalinMaruta
"Daca pe Mikey nu il respectati, dintre vloggeri, pai pe cine?",61,https://www.youtube.com/watch?v=aiJGsiQOTnI&t=1206s&ab_channel=CatalinMaruta
bate fomea la usa hasule,24,https://www.youtube.com/watch?v=aiJGsiQOTnI&t=1206s&ab_channel=CatalinMaruta
Eu credeam ca tequila e primul vlogar de succes din Romania,59,https://www.youtube.com/watch?v=aiJGsiQOTnI&t=1206s&ab_channel=CatalinMaruta
"Mihai e doar foarte invidios. Chiar el a recunoscut într-unul din vlogurile lui ca ""vine unul rârâit și te intrece"" sau ceva asemănător făcând aluzie la el. Și dacă tor spuneți ca el doar cauta reclama, de ce ii faceți reclama?? Ce va doare pe voi? a încălcat legea și el plătește. atâta ipocrizie și invidie.",309,https://www.youtube.com/watch?v=aiJGsiQOTnI&t=1206s&ab_channel=CatalinMaruta
"De ce a venit Mikey Hash aici sa-și consume energia explicând cu ce greșește Selly, când la el pe canal a integrat știrea cu Selly la secțiunea “Nimănui nu ii pasa”? Pai ori nu ii pasa nimănui, ori îți pasa tie, Mikey, de dezbați subiectul așa înflăcărat?:))) Sau îți pasa sa mai apari și tu pe la TV..
No hate. Chiar îmi plăcea de Mikey foarte mult, dar nu înțeleg de ce nu își menține părerile pana la capăt.😁",411,https://www.youtube.com/watch?v=aiJGsiQOTnI&t=1206s&ab_channel=CatalinMaruta
CATA CIUUUDAAAA,15,https://www.youtube.com/watch?v=aiJGsiQOTnI&t=1206s&ab_channel=CatalinMaruta
Selik,5,https://www.youtube.com/watch?v=aiJGsiQOTnI&t=1206s&ab_channel=CatalinMaruta
Doar mie mi se pare ca Mikey seamănă cu Alexandru Cumpănașu? Din anumite unghiuri cel puțin.,92,https://www.youtube.com/watch?v=aiJGsiQOTnI&t=1206s&ab_channel=CatalinMaruta
Invidios dinozaurul asta 🤣,26,https://www.youtube.com/watch?v=aiJGsiQOTnI&t=1206s&ab_channel=CatalinMaruta
"Abi si exploit mai lipsau,jur",29,https://www.youtube.com/watch?v=aiJGsiQOTnI&t=1206s&ab_channel=CatalinMaruta
Unsubscribe Mikey Hash...,25,https://www.youtube.com/watch?v=aiJGsiQOTnI&t=1206s&ab_channel=CatalinMaruta
"Doar în România se poate întâmpla asta, îmi pare rău că autoritățile profită la maxim de această așa-zisă pandemie",114,https://www.youtube.com/watch?v=aiJGsiQOTnI&t=1206s&ab_channel=CatalinMaruta
M-am uitat la acest clip stand pe wc.,37,https://www.youtube.com/watch?v=aiJGsiQOTnI&t=1206s&ab_channel=CatalinMaruta
"Cel din platou este exact acelasi om care spunea ca nu ai voie să ai o parere negativă despre un om care face ceva cu viața lui, pentru că trebuie să te concentrezi pe viața ta. De asemenea, Măruță îl invita acum ceva timp pe Selly în emisiune și îl ridica în slăvi, iar acum, în loc sa-i țină apărarea (daca tot dorește să facă audiența pe seama lui), îl blamează și îl judeca. Extrem de jenant! Nu mă surprinde, oricum.",421,https://www.youtube.com/watch?v=aiJGsiQOTnI&t=1206s&ab_channel=CatalinMaruta
"Deci asta vrea sa schimbe scoala Romaneasca si este considerat ""liderul"" tinerilor? Da, acuma pot sa plec linistit din tara",123,https://www.youtube.com/watch?v=aiJGsiQOTnI&t=1206s&ab_channel=CatalinMaruta
10 000 lei e numai bautura si nici aia toata :)))),50,https://www.youtube.com/watch?v=aiJGsiQOTnI&t=1206s&ab_channel=CatalinMaruta
Ba ce ii cauta astia nod in papura =))),39,https://www.youtube.com/watch?v=aiJGsiQOTnI&t=1206s&ab_channel=CatalinMaruta
"pentru cei care spun ca Hashul nu mai e relevant sau că e frustrat.. nu comparați audiența și activitatea lui Hash cu cea a lui Selly.
Din punctul meu de vedere Mikey Hash a fost mereu un om asumat, părerea lui e obiectivă și la fel ca oricine altcineva are dreptul sa și-o spună. Parerea voastră e subiectivă pentru ca majoritatea sunteți pupincuriști. Peace ✌🏽",362,https://www.youtube.com/watch?v=aiJGsiQOTnI&t=1206s&ab_channel=CatalinMaruta
5:30 respect pentru domnul cu Kodiaqu,37,https://www.youtube.com/watch?v=aiJGsiQOTnI&t=1206s&ab_channel=CatalinMaruta
Primul vlogger e Bahoi,22,https://www.youtube.com/watch?v=aiJGsiQOTnI&t=1206s&ab_channel=CatalinMaruta
Atât s-a putut.,15,https://www.youtube.com/watch?v=aiJGsiQOTnI&t=1206s&ab_channel=CatalinMaruta
Nu nu ne pasa!,14,https://www.youtube.com/watch?v=aiJGsiQOTnI&t=1206s&ab_channel=CatalinMaruta
"Doamne, ce om deștept e Hashul!",31,https://www.youtube.com/watch?v=aiJGsiQOTnI&t=1206s&ab_channel=CatalinMaruta
🙋‍♀️👍,5,https://www.youtube.com/watch?v=aiJGsiQOTnI&t=1206s&ab_channel=CatalinMaruta
"Pai ba Mikey, tu esti ultima persoana care ar trebuii sa vorbeasca despre aroganta",82,https://www.youtube.com/watch?v=aiJGsiQOTnI&t=1206s&ab_channel=CatalinMaruta
Bravo selly,11,https://www.youtube.com/watch?v=aiJGsiQOTnI&t=1206s&ab_channel=CatalinMaruta
"Ati incercat sa il sunati, pe Shelly?????",41,https://www.youtube.com/watch?v=aiJGsiQOTnI&t=1206s&ab_channel=CatalinMaruta
"la cât de ahtiat după publicitate e, cred că a chemat singur poliția :)) nu tot el și-a înscenat anul trecut un accident de mașină și a trimis presei? :))",154,https://www.youtube.com/watch?v=aiJGsiQOTnI&t=1206s&ab_channel=CatalinMaruta
"M-a plictisit, zici că e Doza De Haș😉",37,https://www.youtube.com/watch?v=aiJGsiQOTnI&t=1206s&ab_channel=CatalinMaruta
Doamne!!!! Toti nimeni ajung VEDETE... ( Ferească Dumnezeu)😂 Ce jirjimanie de om,80,https://www.youtube.com/watch?v=aiJGsiQOTnI&t=1206s&ab_channel=CatalinMaruta
Toata lumea asculta manele degeaba se dau ei ca nu,50,https://www.youtube.com/watch?v=aiJGsiQOTnI&t=1206s&ab_channel=CatalinMaruta
Va rupt seli la 20 de ani. Defapt de la 17/18 ani. Va ruuuppptttttt.....,72,https://www.youtube.com/watch?v=aiJGsiQOTnI&t=1206s&ab_channel=CatalinMaruta
"Hass mo car ,Hașș",17,https://www.youtube.com/watch?v=aiJGsiQOTnI&t=1206s&ab_channel=CatalinMaruta
mare ciuda pe voi 😂,19,https://www.youtube.com/watch?v=aiJGsiQOTnI&t=1206s&ab_channel=CatalinMaruta
Primul! =],10,https://www.youtube.com/watch?v=aiJGsiQOTnI&t=1206s&ab_channel=CatalinMaruta
Mikey asta mai e relevant? :))),31,https://www.youtube.com/watch?v=aiJGsiQOTnI&t=1206s&ab_channel=CatalinMaruta
"se pare ca a sărăcit Hash-ul asta , când vine la Măruță in emisiune sa vorbească de rău pe ce mai mare influencer din românia",125,https://www.youtube.com/watch?v=aiJGsiQOTnI&t=1206s&ab_channel=CatalinMaruta
Ce legatura are asta educatia cu asta?????El a facut petrecere si ma repet🤮🤮Cluburile is deschise pana la ora 11 si acolo nu-s oameni????Sau cum...???,150,https://www.youtube.com/watch?v=aiJGsiQOTnI&t=1206s&ab_channel=CatalinMaruta
Adevărul devine aroganta daca te pune intr-o lumina buna?,57,https://www.youtube.com/watch?v=aiJGsiQOTnI&t=1206s&ab_channel=CatalinMaruta
Ce frustrat e Mickey😂😂🤣🤣,24,https://www.youtube.com/watch?v=aiJGsiQOTnI&t=1206s&ab_channel=CatalinMaruta
8:06 40-50 ce aberații 🤦‍♂️🤦‍♂️🤦‍♂️🤦‍♂️ erau doar cu doi oameni în plus față de maximul pe care îl prevede legea.,113,https://www.youtube.com/watch?v=aiJGsiQOTnI&t=1206s&ab_channel=CatalinMaruta
Frustrat este Vlogerul asta ...tu când te afișezi cu BMW ... și etc,67,https://www.youtube.com/watch?v=aiJGsiQOTnI&t=1206s&ab_channel=CatalinMaruta
"Spune-ne tu, Mikey... ""Prin aceste momente în fața reflectoarelor își arată omul caracterul, își arată aroganțele și cumva asta o să-i tocească imaginea"" Din experiența proprie cuvintele astea, nu?",197,https://www.youtube.com/watch?v=aiJGsiQOTnI&t=1206s&ab_channel=CatalinMaruta
Cineva e frustrat ca altii i-au luat locul...,45,https://www.youtube.com/watch?v=aiJGsiQOTnI&t=1206s&ab_channel=CatalinMaruta
Accepta adevarul.E mai viral ca tine si multi altii.Am simtit frustrare din partea ta. E loc pentru toata lumea. Cum el si-a facut loc pe langa tine si altii vlogeri de succes si v-a luat-o inainte da dovada da fairplay ca e o forta.Toti  l-ati avut si-l aveti ca pe un nod in gat.Greseala lui ca s-a lasat descoperit dar si cand a facut-o toti invidiosii calare pe el.Decat sa fie criticat sau invidiat mai bine altii s-ar gandi cum sa atinga succesul lui.,457,https://www.youtube.com/watch?v=aiJGsiQOTnI&t=1206s&ab_channel=CatalinMaruta
Hashule cred ca mai bine iti vezi de canalul si petrecerile tale,64,https://www.youtube.com/watch?v=aiJGsiQOTnI&t=1206s&ab_channel=CatalinMaruta
Dacă ați vorbi doar de viețile voastre ar fi perfect și nu de a altora!,71,https://www.youtube.com/watch?v=aiJGsiQOTnI&t=1206s&ab_channel=CatalinMaruta
"14:09 Ce a spus Mikey?   ""Been there, done that..."" și mai departe...?",70,https://www.youtube.com/watch?v=aiJGsiQOTnI&t=1206s&ab_channel=CatalinMaruta
Bai nene cei care comenteaza si reactionează de exemplu hass marută si restu .... a gresit da ia puneți umarul cu el la schimbarile pe care încearcă să le facă sely,164,https://www.youtube.com/watch?v=aiJGsiQOTnI&t=1206s&ab_channel=CatalinMaruta
Selly este foarte arogant 😁insa pe langa asta este un baiat foarte ok 💪trebuia sa aiba si el un defect sau voi sunteti perfecti ?🤔😉bai hasi de cand decizi tu sau cineva ce ai voi sa asculti si ce nu in functie de ce militezi 😂😂vai de pl ta,239,https://www.youtube.com/watch?v=aiJGsiQOTnI&t=1206s&ab_channel=CatalinMaruta
Llosa,5,https://www.youtube.com/watch?v=aiJGsiQOTnI&t=1206s&ab_channel=CatalinMaruta
Mikey Hash mai e relevant cumva si nu stiu eu?...,49,https://www.youtube.com/watch?v=aiJGsiQOTnI&t=1206s&ab_channel=CatalinMaruta
Hai sa faci .i. si tu si Adra :X,32,https://www.youtube.com/watch?v=aiJGsiQOTnI&t=1206s&ab_channel=CatalinMaruta
"Dacă faci ceva rău, eşti judecat .
Dacă faci ceva bine , eşti judecat.
În ce țară trăim...doamne",96,https://www.youtube.com/watch?v=aiJGsiQOTnI&t=1206s&ab_channel=CatalinMaruta
Ce rost mai are masca dacă au dat mâna? 2:04,44,https://www.youtube.com/watch?v=aiJGsiQOTnI&t=1206s&ab_channel=CatalinMaruta
A ramas asta fara succes si vine sa si dea cu parerea 🤣,55,https://www.youtube.com/watch?v=aiJGsiQOTnI&t=1206s&ab_channel=CatalinMaruta
"Și da Hash are dreptate ca la 40 dr ani nu aveți,ce va ofticați așa?😂😂😂😂😂tu ai fost și ești antipatic...Nici nu știu cum se uita lumea la tine",142,https://www.youtube.com/watch?v=aiJGsiQOTnI&t=1206s&ab_channel=CatalinMaruta
🤢🤮,2,https://www.youtube.com/watch?v=aiJGsiQOTnI&t=1206s&ab_channel=CatalinMaruta
Mult zgomot(manele) pentru nimic!,33,https://www.youtube.com/watch?v=aiJGsiQOTnI&t=1206s&ab_channel=CatalinMaruta
Cine sunteți voi sa-l judecati lichenelor?,42,https://www.youtube.com/watch?v=aiJGsiQOTnI&t=1206s&ab_channel=CatalinMaruta
Mikey asta e foarte frustrat,28,https://www.youtube.com/watch?v=aiJGsiQOTnI&t=1206s&ab_channel=CatalinMaruta
Nu mai fiti invidiosi pe selly ca va da clasa la toti!,54,https://www.youtube.com/watch?v=aiJGsiQOTnI&t=1206s&ab_channel=CatalinMaruta
Cat s-a vandut si cat s-a prostit Mikey haz . Alt om este jur,61,https://www.youtube.com/watch?v=aiJGsiQOTnI&t=1206s&ab_channel=CatalinMaruta
Daca era o petrecere cu alta muzica..nu mai era amendat?,56,https://www.youtube.com/watch?v=aiJGsiQOTnI&t=1206s&ab_channel=CatalinMaruta
"ba, dar voi subiecte mai importante nu aveti, doar pentru mai multe vizualizari",79,https://www.youtube.com/watch?v=aiJGsiQOTnI&t=1206s&ab_channel=CatalinMaruta
"Daca Selli asta si Hash sunt exemple de urmat, bravo ma, bravo tuturor.... Toti vlogari si blogari dar la munca nimeni. Ne asteapta un viitor crunt.",148,https://www.youtube.com/watch?v=aiJGsiQOTnI&t=1206s&ab_channel=CatalinMaruta
"Voi la 20 de ani va jucati cu mașinuțele,Selly le conduce. E prea inteligent pt voi copilu asta așa ca mars!",108,https://www.youtube.com/watch?v=aiJGsiQOTnI&t=1206s&ab_channel=CatalinMaruta
