raw text,text_length,source
drinking game: bea un shot de fiecare data cand zice Sicilia,60,https://www.youtube.com/watch?v=ALIe8IZiNMQ&ab_channel=Chefilacu%C8%9Bite
dusmanilor mei le doresc sa zboare pana in America cu ea la bord pe post de stewardesa :)))),92,https://www.youtube.com/watch?v=ALIe8IZiNMQ&ab_channel=Chefilacu%C8%9Bite
"Am venit pentru comentarii , sa văd cât hate își ia miss Sicilia ! 😂",68,https://www.youtube.com/watch?v=ALIe8IZiNMQ&ab_channel=Chefilacu%C8%9Bite
"In clipul asta s-au auzit 29 de cuvinte care contin cuvantul de baza ""Sicilia""",78,https://www.youtube.com/watch?v=ALIe8IZiNMQ&ab_channel=Chefilacu%C8%9Bite
Daca mai aud odata “Sicilia” innebunesc .....,45,https://www.youtube.com/watch?v=ALIe8IZiNMQ&ab_channel=Chefilacu%C8%9Bite
"Super, plina de energie!!! N-am retinut, unde a locuit in Italia???  ;  )",73,https://www.youtube.com/watch?v=ALIe8IZiNMQ&ab_channel=Chefilacu%C8%9Bite
"Dacă mai zice ""Sicilia"" de câteva ori, e clar",45,https://www.youtube.com/watch?v=ALIe8IZiNMQ&ab_channel=Chefilacu%C8%9Bite
A gatit ceva femeia si eu n-am vazut?,37,https://www.youtube.com/watch?v=ALIe8IZiNMQ&ab_channel=Chefilacu%C8%9Bite
"Vaaai cate figuri si cate laude,si tot Sicilia Sicilia si iar Sicilia",69,https://www.youtube.com/watch?v=ALIe8IZiNMQ&ab_channel=Chefilacu%C8%9Bite
"Fosta stewardesa ,aka Siciliana =dama de companie :)) (google translate)",72,https://www.youtube.com/watch?v=ALIe8IZiNMQ&ab_channel=Chefilacu%C8%9Bite
Toate cutitele,14,https://www.youtube.com/watch?v=ALIe8IZiNMQ&ab_channel=Chefilacu%C8%9Bite
"Asta e concurentul meu preferat! Sper sa castige sezonul 7!



Joke.. :)",72,https://www.youtube.com/watch?v=ALIe8IZiNMQ&ab_channel=Chefilacu%C8%9Bite
macar stie romana:)) nu ca divele alea ieftine come se dice,59,https://www.youtube.com/watch?v=ALIe8IZiNMQ&ab_channel=Chefilacu%C8%9Bite
ma inebunit inganfata asta  cu sicilia ei ce plm  a uitat de romania .,70,https://www.youtube.com/watch?v=ALIe8IZiNMQ&ab_channel=Chefilacu%C8%9Bite
1:32 ce filmeaza astia :))),27,https://www.youtube.com/watch?v=ALIe8IZiNMQ&ab_channel=Chefilacu%C8%9Bite
Siciliene*,10,https://www.youtube.com/watch?v=ALIe8IZiNMQ&ab_channel=Chefilacu%C8%9Bite
Asta seamănă la vorba cu Margherita de la Clejani.,50,https://www.youtube.com/watch?v=ALIe8IZiNMQ&ab_channel=Chefilacu%C8%9Bite
cea mai mare greseala a sezonului 7 :),38,https://www.youtube.com/watch?v=ALIe8IZiNMQ&ab_channel=Chefilacu%C8%9Bite
"""siciliane""..... Ba cand o aud pe asta cu ""siciliane innebunesc""
E siciliene fata draga, nici romana nu stii",108,https://www.youtube.com/watch?v=ALIe8IZiNMQ&ab_channel=Chefilacu%C8%9Bite
“Siciliane”? 😂😂😂,16,https://www.youtube.com/watch?v=ALIe8IZiNMQ&ab_channel=Chefilacu%C8%9Bite
"Sicilia,Sicilia,Sicilia,Sicilia,Sicilia",39,https://www.youtube.com/watch?v=ALIe8IZiNMQ&ab_channel=Chefilacu%C8%9Bite
"Nu stie sa taie o ceapa dar stie sa faca ""de toate""normal pentru ca este femeie",79,https://www.youtube.com/watch?v=ALIe8IZiNMQ&ab_channel=Chefilacu%C8%9Bite
Sotul ei este tip agatat cand a garat avionul!😂😂😂😂😂,51,https://www.youtube.com/watch?v=ALIe8IZiNMQ&ab_channel=Chefilacu%C8%9Bite
alta reclama gratuita la o carciuma obscura....,47,https://www.youtube.com/watch?v=ALIe8IZiNMQ&ab_channel=Chefilacu%C8%9Bite
Doi preparate???,16,https://www.youtube.com/watch?v=ALIe8IZiNMQ&ab_channel=Chefilacu%C8%9Bite
"Cea mai penibila ""concurenta"" din toate sezoanele si noi iubim Italia dar aceasta piesa depaseste   limitele....nu mai am cuvinte!",130,https://www.youtube.com/watch?v=ALIe8IZiNMQ&ab_channel=Chefilacu%C8%9Bite
Enervant om!,12,https://www.youtube.com/watch?v=ALIe8IZiNMQ&ab_channel=Chefilacu%C8%9Bite
Ce se mai mândrește cu numele ei și cu Sicilia ei =)))),55,https://www.youtube.com/watch?v=ALIe8IZiNMQ&ab_channel=Chefilacu%C8%9Bite
2:36-2:40 Uhmm ok ?!,20,https://www.youtube.com/watch?v=ALIe8IZiNMQ&ab_channel=Chefilacu%C8%9Bite
Mor..sau o omor,15,https://www.youtube.com/watch?v=ALIe8IZiNMQ&ab_channel=Chefilacu%C8%9Bite
Asta e plina de arfe de Sicilia!🤣🤣🤣,35,https://www.youtube.com/watch?v=ALIe8IZiNMQ&ab_channel=Chefilacu%C8%9Bite
"Nu e tort Florin,e cassata siciliana",36,https://www.youtube.com/watch?v=ALIe8IZiNMQ&ab_channel=Chefilacu%C8%9Bite
Și eu care credeam că îmi este doar mie antipatica... 😂 😂,57,https://www.youtube.com/watch?v=ALIe8IZiNMQ&ab_channel=Chefilacu%C8%9Bite
Doamne fereste..!  asta nu are nimic în cap...😂,47,https://www.youtube.com/watch?v=ALIe8IZiNMQ&ab_channel=Chefilacu%C8%9Bite
Eeeeee...Sicilia ...,20,https://www.youtube.com/watch?v=ALIe8IZiNMQ&ab_channel=Chefilacu%C8%9Bite
esti foarte mandru de sef:))),29,https://www.youtube.com/watch?v=ALIe8IZiNMQ&ab_channel=Chefilacu%C8%9Bite
Mafia Siciliana :)),19,https://www.youtube.com/watch?v=ALIe8IZiNMQ&ab_channel=Chefilacu%C8%9Bite
"Ma numesc amalia,,si sunt romanca 🤣🤣🤣",37,https://www.youtube.com/watch?v=ALIe8IZiNMQ&ab_channel=Chefilacu%C8%9Bite
"Amalia Belitoni,sicilianca lu peste,doamne fer ce femeie nebuna si increzuta",76,https://www.youtube.com/watch?v=ALIe8IZiNMQ&ab_channel=Chefilacu%C8%9Bite
“De 15 ani suntem tot împreuna” ... 🤣🤣 tare asta ! Mai ales “Sicilia” 👏🏼😂,73,https://www.youtube.com/watch?v=ALIe8IZiNMQ&ab_channel=Chefilacu%C8%9Bite
A luat numele sotului😂😂🤣🤣 sa casatorit  in Ro..🤣😂😂😂😂😂,53,https://www.youtube.com/watch?v=ALIe8IZiNMQ&ab_channel=Chefilacu%C8%9Bite
E bolnava psihic ! Recomand Balaceanca ! Prima saptamana tratament intensiv !,77,https://www.youtube.com/watch?v=ALIe8IZiNMQ&ab_channel=Chefilacu%C8%9Bite
"Asta e dusă rau cu pluta in ,,Sicilia,,",39,https://www.youtube.com/watch?v=ALIe8IZiNMQ&ab_channel=Chefilacu%C8%9Bite
A ajuns taranca in Italia  si il tine pe prost pentru Bani :))),63,https://www.youtube.com/watch?v=ALIe8IZiNMQ&ab_channel=Chefilacu%C8%9Bite
"Pfff, diabet direct scrie pe porcaria aia.🙊🤢",44,https://www.youtube.com/watch?v=ALIe8IZiNMQ&ab_channel=Chefilacu%C8%9Bite
"Ciorba,tocana toate ""Siciliane""",31,https://www.youtube.com/watch?v=ALIe8IZiNMQ&ab_channel=Chefilacu%C8%9Bite
Başiniiii,9,https://www.youtube.com/watch?v=ALIe8IZiNMQ&ab_channel=Chefilacu%C8%9Bite
Atata se CACA pe dânsa,22,https://www.youtube.com/watch?v=ALIe8IZiNMQ&ab_channel=Chefilacu%C8%9Bite
Sicilia Sicilia Sicilia? Sicilia Sicilia Sicilia Sicilia!!,58,https://www.youtube.com/watch?v=ALIe8IZiNMQ&ab_channel=Chefilacu%C8%9Bite
"Recunoaște ca nu este bucatar profesionist...si in legătură cu laudele....se lauda ele toate scursurile societatii barem una care e bine la varsta ei , eu n am nimic cu ea bravo  ei pana la urma  ...lumea e plina de ura ...femeia e bine pe toate planurile",255,https://www.youtube.com/watch?v=ALIe8IZiNMQ&ab_channel=Chefilacu%C8%9Bite
Mai gătim și noi cucoana? Sau doar vorbim,41,https://www.youtube.com/watch?v=ALIe8IZiNMQ&ab_channel=Chefilacu%C8%9Bite
5:41 bine ca esti foarte mandru :),34,https://www.youtube.com/watch?v=ALIe8IZiNMQ&ab_channel=Chefilacu%C8%9Bite
"Ce fata de ""inghite tot"" are !🤣🤣🤣🤣",34,https://www.youtube.com/watch?v=ALIe8IZiNMQ&ab_channel=Chefilacu%C8%9Bite
"Acum că văd noul sezon, o prefer pe ea în locul Mariei...",57,https://www.youtube.com/watch?v=ALIe8IZiNMQ&ab_channel=Chefilacu%C8%9Bite
serios?????,11,https://www.youtube.com/watch?v=ALIe8IZiNMQ&ab_channel=Chefilacu%C8%9Bite
asta e nefututua,16,https://www.youtube.com/watch?v=ALIe8IZiNMQ&ab_channel=Chefilacu%C8%9Bite
Nu am inteles eu bine sau asta a fost stewardesă la Chefi la cuţite? :))) din titlu asta inteleg,96,https://www.youtube.com/watch?v=ALIe8IZiNMQ&ab_channel=Chefilacu%C8%9Bite
Cine este de acord că au tăiat finalul cu cuțitele celor 3 CHEFI pentru a te obliga să vizitezi ANTENA PLAY să dea DISLIKE LA VIDEOCLIP!,136,https://www.youtube.com/watch?v=ALIe8IZiNMQ&ab_channel=Chefilacu%C8%9Bite
Non sa che sta dicendo per la superbia  🤮,41,https://www.youtube.com/watch?v=ALIe8IZiNMQ&ab_channel=Chefilacu%C8%9Bite
"Mai bine asta decat ala ,,de bani gata'' !",42,https://www.youtube.com/watch?v=ALIe8IZiNMQ&ab_channel=Chefilacu%C8%9Bite
Vai câte aere,13,https://www.youtube.com/watch?v=ALIe8IZiNMQ&ab_channel=Chefilacu%C8%9Bite
"Videoclipul asta poate fi folosit ca joc de baut. Paharul sus la fiecare cuvant care deriva din ""Sicilia"" => coma alcoolica",123,https://www.youtube.com/watch?v=ALIe8IZiNMQ&ab_channel=Chefilacu%C8%9Bite
"""PREFERATA MEA""",15,https://www.youtube.com/watch?v=ALIe8IZiNMQ&ab_channel=Chefilacu%C8%9Bite
hai că în culegeri fix povești găsești =)),42,https://www.youtube.com/watch?v=ALIe8IZiNMQ&ab_channel=Chefilacu%C8%9Bite
"Mda.... buongiorno cara Signora, Sicilia, purtroppo noi che viviamo in Italia la conosciamo bene.....non è tutto rose e fiori",125,https://www.youtube.com/watch?v=ALIe8IZiNMQ&ab_channel=Chefilacu%C8%9Bite
"Mă ajută și pe mine cineva? De unde este soțul doamnei? Cred că a menționat o dată, dar nu am fost atentă:)))",109,https://www.youtube.com/watch?v=ALIe8IZiNMQ&ab_channel=Chefilacu%C8%9Bite
Gina ce s..i ai smr:)))),24,https://www.youtube.com/watch?v=ALIe8IZiNMQ&ab_channel=Chefilacu%C8%9Bite
6:22 lecție de istorie.....(valeuuu...nu mai Sicilia în capu' lu' aia...),73,https://www.youtube.com/watch?v=ALIe8IZiNMQ&ab_channel=Chefilacu%C8%9Bite
So dus naibii si vinu din recolta de anu asta...,48,https://www.youtube.com/watch?v=ALIe8IZiNMQ&ab_channel=Chefilacu%C8%9Bite
Uitati-va cum arata sotul :))))))),34,https://www.youtube.com/watch?v=ALIe8IZiNMQ&ab_channel=Chefilacu%C8%9Bite
"""Siciliane"". Fuck",17,https://www.youtube.com/watch?v=ALIe8IZiNMQ&ab_channel=Chefilacu%C8%9Bite
100 de pagini 😹😹😹😹😹😹😹 de figuri siciliene,41,https://www.youtube.com/watch?v=ALIe8IZiNMQ&ab_channel=Chefilacu%C8%9Bite
Frumoasă dar mai arogantă decât plăvanul nostru oligofren!,58,https://www.youtube.com/watch?v=ALIe8IZiNMQ&ab_channel=Chefilacu%C8%9Bite
"Am fost in Sicilia de curand si nu ma mai duc niciodata , oamenii de acolo zici ca trag cox everyday , mereu pe haos . O lauda degeaba",134,https://www.youtube.com/watch?v=ALIe8IZiNMQ&ab_channel=Chefilacu%C8%9Bite
"Pentru asta , Sicilia inseamna mafia ? Femeia asta bate campii !",64,https://www.youtube.com/watch?v=ALIe8IZiNMQ&ab_channel=Chefilacu%C8%9Bite
Când o iei in guriță e tot din Sicilia,38,https://www.youtube.com/watch?v=ALIe8IZiNMQ&ab_channel=Chefilacu%C8%9Bite
A iesit înainte de semifinală,29,https://www.youtube.com/watch?v=ALIe8IZiNMQ&ab_channel=Chefilacu%C8%9Bite
Eu inca nu inteleg ce ați avut cu ea ...,40,https://www.youtube.com/watch?v=ALIe8IZiNMQ&ab_channel=Chefilacu%C8%9Bite
De ce spuneți că este curvă? 🤷‍♀️,33,https://www.youtube.com/watch?v=ALIe8IZiNMQ&ab_channel=Chefilacu%C8%9Bite
afara cu dementa asta,21,https://www.youtube.com/watch?v=ALIe8IZiNMQ&ab_channel=Chefilacu%C8%9Bite
Arata groaznic,14,https://www.youtube.com/watch?v=ALIe8IZiNMQ&ab_channel=Chefilacu%C8%9Bite
"De 30 de ori sa spus în acest episod cuvintul Sicilia 
Încă am numarat",70,https://www.youtube.com/watch?v=ALIe8IZiNMQ&ab_channel=Chefilacu%C8%9Bite
"Dacă e așa frumos în Regatul Siciliei de ce și-a deschis cârciumă-n România și nu în Sicilia? Dacă nu se muta în București, geniul de bărbate-său era spălător de vase, nu chef în Sicilia. Și ea, tot o casnică, dar fără atâta aere.",230,https://www.youtube.com/watch?v=ALIe8IZiNMQ&ab_channel=Chefilacu%C8%9Bite
"Deci daca mai aud inca o singura data un anumit cuvant , ma sinucid in stil sicilian.",85,https://www.youtube.com/watch?v=ALIe8IZiNMQ&ab_channel=Chefilacu%C8%9Bite
Huo fa,6,https://www.youtube.com/watch?v=ALIe8IZiNMQ&ab_channel=Chefilacu%C8%9Bite
26 mai bn de sicilia si derivate de ale ei in aproape 10 minute bv,66,https://www.youtube.com/watch?v=ALIe8IZiNMQ&ab_channel=Chefilacu%C8%9Bite
Bănuiesc că toate produsele cu care gătești aici sunt din Sicilia nu ?,70,https://www.youtube.com/watch?v=ALIe8IZiNMQ&ab_channel=Chefilacu%C8%9Bite
Totul mi se pare o chestie regizata,35,https://www.youtube.com/watch?v=ALIe8IZiNMQ&ab_channel=Chefilacu%C8%9Bite
"Come denigrare la SICILIA in pochi minuti...una rumena che parla di mafiosi..quando suo marito è un pezzo di pane...""non è italiano ma siciliano"" quanta ignoranza in un solo video.....",184,https://www.youtube.com/watch?v=ALIe8IZiNMQ&ab_channel=Chefilacu%C8%9Bite
"Doamne, asa femeie proasta nu am vazut in viata mea! Are o atitudine de toata jena si e foarte increzuta. In patru cuvinte/cuvintele, o persoana de nimic!",154,https://www.youtube.com/watch?v=ALIe8IZiNMQ&ab_channel=Chefilacu%C8%9Bite
Cate caruri au intrat in ea stie deja toata istoria Siciliei!,61,https://www.youtube.com/watch?v=ALIe8IZiNMQ&ab_channel=Chefilacu%C8%9Bite
"Senta Signora , non dire cavolate, non mi dica che i siciliani non si considerano italiani.... anzi, Italia non gli considera,",126,https://www.youtube.com/watch?v=ALIe8IZiNMQ&ab_channel=Chefilacu%C8%9Bite
A mai zis și alte 15 20 de cuvinte inafara de Sicilia..,55,https://www.youtube.com/watch?v=ALIe8IZiNMQ&ab_channel=Chefilacu%C8%9Bite
De ce a venit cu ele de acasă ?,31,https://www.youtube.com/watch?v=ALIe8IZiNMQ&ab_channel=Chefilacu%C8%9Bite
Siciliene nu siciliane,22,https://www.youtube.com/watch?v=ALIe8IZiNMQ&ab_channel=Chefilacu%C8%9Bite
De 34 de ori am auzit cuvantul sicilia,38,https://www.youtube.com/watch?v=ALIe8IZiNMQ&ab_channel=Chefilacu%C8%9Bite
Să numai ridicăm Sicilienii în sus și în jos că ei ne-au luat fetele și nu le mai găsește nimeni!,97,https://www.youtube.com/watch?v=ALIe8IZiNMQ&ab_channel=Chefilacu%C8%9Bite
Siciliene nu siciliane analfabetism in floare !numai domni din Moldova vorbesc asa!,83,https://www.youtube.com/watch?v=ALIe8IZiNMQ&ab_channel=Chefilacu%C8%9Bite
Asa se spune acuma la centuriste? Ca sunt stewardese?,53,https://www.youtube.com/watch?v=ALIe8IZiNMQ&ab_channel=Chefilacu%C8%9Bite
Bună,4,https://www.youtube.com/watch?v=ALIe8IZiNMQ&ab_channel=Chefilacu%C8%9Bite
Mămăliga știi să faci,21,https://www.youtube.com/watch?v=ALIe8IZiNMQ&ab_channel=Chefilacu%C8%9Bite
Ce i merge gura,15,https://www.youtube.com/watch?v=ALIe8IZiNMQ&ab_channel=Chefilacu%C8%9Bite
"Locuieste in Sicilia undeva la periferie, pe centura Siciliei cred ca isi desfasoara activitatea ; )",100,https://www.youtube.com/watch?v=ALIe8IZiNMQ&ab_channel=Chefilacu%C8%9Bite
Bestiala la cassata.,20,https://www.youtube.com/watch?v=ALIe8IZiNMQ&ab_channel=Chefilacu%C8%9Bite
"A s  participa si eu la emisiune cu un tort ce contine: mousse Sabayon, strat crocant din: pallete feuilettine, pasta de praline si ciocolata topita, blat pufos de cacao ,sirop cu piure de zmeura si decorat in glazura oglinda ce contine si pate a glacer; decora si cu macarons si foite de aur :),cel mai fin si gustos tortulet sau poate fi facut si mono portii.",361,https://www.youtube.com/watch?v=ALIe8IZiNMQ&ab_channel=Chefilacu%C8%9Bite
N am putut să mă uit la tot .,29,https://www.youtube.com/watch?v=ALIe8IZiNMQ&ab_channel=Chefilacu%C8%9Bite
La inceput vorbeste normal ..da dupa zici ca i screlozata,57,https://www.youtube.com/watch?v=ALIe8IZiNMQ&ab_channel=Chefilacu%C8%9Bite
Sa auzi o femeie recunoscand ca sotul iei e capul familiei e mare mare lucru,76,https://www.youtube.com/watch?v=ALIe8IZiNMQ&ab_channel=Chefilacu%C8%9Bite
Vai ce ma înnebunit !,21,https://www.youtube.com/watch?v=ALIe8IZiNMQ&ab_channel=Chefilacu%C8%9Bite
"Basini arfe și talente,vorba multa vai steaua ri",48,https://www.youtube.com/watch?v=ALIe8IZiNMQ&ab_channel=Chefilacu%C8%9Bite
Ce urat r barbatusoo😅😅😅,23,https://www.youtube.com/watch?v=ALIe8IZiNMQ&ab_channel=Chefilacu%C8%9Bite
Cand a fost numita ambasadoare a fost primul moment in care a plans ????a sp ca are 2 copii nu a plans cand a nascut???,119,https://www.youtube.com/watch?v=ALIe8IZiNMQ&ab_channel=Chefilacu%C8%9Bite
Sa iti dau clanta,17,https://www.youtube.com/watch?v=ALIe8IZiNMQ&ab_channel=Chefilacu%C8%9Bite
Câtă mierda pe ia,17,https://www.youtube.com/watch?v=ALIe8IZiNMQ&ab_channel=Chefilacu%C8%9Bite
Oribil de nesuferitaaaaaaaaaaa,30,https://www.youtube.com/watch?v=ALIe8IZiNMQ&ab_channel=Chefilacu%C8%9Bite
Face misto de ea,16,https://www.youtube.com/watch?v=ALIe8IZiNMQ&ab_channel=Chefilacu%C8%9Bite
Câte cuțite a luat?,19,https://www.youtube.com/watch?v=ALIe8IZiNMQ&ab_channel=Chefilacu%C8%9Bite
0 nebuna,8,https://www.youtube.com/watch?v=ALIe8IZiNMQ&ab_channel=Chefilacu%C8%9Bite
Tu îți dai seama sa mergi cu asta dintr o tara în alta.. Într un avion.. Închis acolo..,87,https://www.youtube.com/watch?v=ALIe8IZiNMQ&ab_channel=Chefilacu%C8%9Bite
Saracul soţ! 😎😨😨😨😨😨😨😨😨,22,https://www.youtube.com/watch?v=ALIe8IZiNMQ&ab_channel=Chefilacu%C8%9Bite
Ce iti este cu romanii nostri. Nu inteleg dece i ati dat hate. Este super femeia si vorbeste foarte coierent. Pacat,115,https://www.youtube.com/watch?v=ALIe8IZiNMQ&ab_channel=Chefilacu%C8%9Bite
"HATE

Chiar țin cu ea...
Nu e preferată mea dar mi se pare un concurent intetesant",82,https://www.youtube.com/watch?v=ALIe8IZiNMQ&ab_channel=Chefilacu%C8%9Bite
Căcatul romaniei,16,https://www.youtube.com/watch?v=ALIe8IZiNMQ&ab_channel=Chefilacu%C8%9Bite
Tot romanu a fost in Italia si cam toti au fost prin sicilia e imposibil sa nu fi fost.peste 75% din romani in Sicilia,118,https://www.youtube.com/watch?v=ALIe8IZiNMQ&ab_channel=Chefilacu%C8%9Bite
Ah ce cancer sa mor eu..,24,https://www.youtube.com/watch?v=ALIe8IZiNMQ&ab_channel=Chefilacu%C8%9Bite
"Imi e scârba de aceasta fatuca.Are niste figuri....Sa nu mai zic ca vorbeste mult si  prost.Ea nu vorbește,țipă=))))) Am venit aici in urma la ce am vazut pana acum in competiție.",179,https://www.youtube.com/watch?v=ALIe8IZiNMQ&ab_channel=Chefilacu%C8%9Bite
Figuri cu aere de Sicilia.,26,https://www.youtube.com/watch?v=ALIe8IZiNMQ&ab_channel=Chefilacu%C8%9Bite
N-are Sicilia populatie de cate ori a zis ea Sicilia pana acum.,63,https://www.youtube.com/watch?v=ALIe8IZiNMQ&ab_channel=Chefilacu%C8%9Bite
"7:50 Cand profu' spune ca va mai tine 10 min sa explice ultimul capitol, de 50 de pagini",88,https://www.youtube.com/watch?v=ALIe8IZiNMQ&ab_channel=Chefilacu%C8%9Bite
e faina fata arata bine la varsta ei,36,https://www.youtube.com/watch?v=ALIe8IZiNMQ&ab_channel=Chefilacu%C8%9Bite
"Cum Doamne iartă-mă a fost paranteza asta =stewardesă= ??? 
 Pentru că în asemenea job nu ar trebui să ajungă orice căzută în cap :)",132,https://www.youtube.com/watch?v=ALIe8IZiNMQ&ab_channel=Chefilacu%C8%9Bite
mars fa in sicilia,18,https://www.youtube.com/watch?v=ALIe8IZiNMQ&ab_channel=Chefilacu%C8%9Bite
"Como se dice in romena ?😄😄😄
Cum frate sa iti uiti limba ta ?",60,https://www.youtube.com/watch?v=ALIe8IZiNMQ&ab_channel=Chefilacu%C8%9Bite
"Vă zic eu pe scurt povestea ei ""A început să se prostitueze în România iar după ce a strâns bani de avion si chirie a plecat la pulă în străinătate",147,https://www.youtube.com/watch?v=ALIe8IZiNMQ&ab_channel=Chefilacu%C8%9Bite
Daca si asta arata a gassata siciliana inseamna ca traiesti degeaba in Italia 😂,79,https://www.youtube.com/watch?v=ALIe8IZiNMQ&ab_channel=Chefilacu%C8%9Bite
Cred ca toata Sicilia a intrat in ea de e asa pornita pe Sicilia..,66,https://www.youtube.com/watch?v=ALIe8IZiNMQ&ab_channel=Chefilacu%C8%9Bite
